{
  "input": "/home/hoang/Paper1/paper_logs/square_2m/20260717_172205_square_BSMC_fusion_square_2m_v1_cross_track_damping.csv",
  "n_complete_edges": 4,
  "straight_lateral_bias_m": 0.025637081977316695,
  "straight_lateral_rmse_m": 0.028846925857005542,
  "straight_lateral_max_abs_m": 0.04760419531393736,
  "straight_waviness_rms_m": 0.008993417828827302,
  "straight_lateral_peak_to_peak_max_m": 0.03965024917839973,
  "straight_heading_rmse_deg": 1.9255039330425412,
  "straight_cmd_w_rms_rad_s": 0.01895702285862278,
  "overall_position_rmse_m": 0.029863882553953218,
  "overall_heading_rmse_deg": 22.39392770535286
}
