{
  "input": "/home/hoang/Paper1/paper_logs/gain_tuning/20260718_184213_circle_BSMC_fusion_circle_1m_ks1_024_ks2_050.csv",
  "active_duration_s": 61.67904829978943,
  "pre_motion_duration_s": 2.160665512084961,
  "pre_motion_cmd_w_peak_rad_s": 0.00936486308310473,
  "n_samples": 1543,
  "reference_center_x_m": 0.04054872942434925,
  "reference_center_y_m": 0.016800419588060778,
  "reference_radius_m": 0.9999999999999999,
  "position_rmse_m": 0.029179533327001315,
  "position_max_m": 0.052644240502558844,
  "path_rmse_m": 0.023002762760286975,
  "path_max_m": 0.028793093452648022,
  "radial_bias_m": -0.022843555937023825,
  "radial_waviness_rmse_m": 0.00022423449515980614,
  "radial_waviness_peak_to_peak_m": 0.001358614604377334,
  "heading_rmse_deg": 1.6168733175319885,
  "heading_bias_deg": 1.5502515643787642,
  "cmd_w_rms_rad_s": 0.10229457805875647,
  "cmd_w_peak_rad_s": 0.11249858895118077,
  "cmd_w_delta_std_rad_s": 0.0011976898238419955,
  "cmd_w_slew_rms_rad_s2": 0.02994869960434747,
  "transient_position_rmse_m": 0.023610299549506754,
  "transient_position_max_m": 0.042011656518610455,
  "transient_heading_rmse_deg": 2.736054165778133,
  "transient_cmd_w_peak_rad_s": 0.21663191880150715
}
