{
  "input": "/home/hoang/Paper1/paper_logs/gain_tuning/20260718_183842_circle_BSMC_fusion_circle_1m_radiuspos050.csv",
  "active_duration_s": 61.68044567108154,
  "pre_motion_duration_s": 2.1603713035583496,
  "pre_motion_cmd_w_peak_rad_s": 0.009783432239368296,
  "n_samples": 1543,
  "reference_center_x_m": 0.05791684110363111,
  "reference_center_y_m": 0.007505226666433384,
  "reference_radius_m": 1.0,
  "position_rmse_m": 0.03148798982902944,
  "position_max_m": 0.054631647733196786,
  "path_rmse_m": 0.024437943299457768,
  "path_max_m": 0.048329463097704584,
  "radial_bias_m": -0.023861474424283043,
  "radial_waviness_rmse_m": 0.00027186479862830457,
  "radial_waviness_peak_to_peak_m": 0.002043320954981276,
  "heading_rmse_deg": 2.1699645255520337,
  "heading_bias_deg": 1.903203890967853,
  "cmd_w_rms_rad_s": 0.103385108186927,
  "cmd_w_peak_rad_s": 0.14983825321011318,
  "cmd_w_delta_std_rad_s": 0.002161365619765207,
  "cmd_w_slew_rms_rad_s2": 0.054871115645167376,
  "transient_position_rmse_m": 0.04870055386858481,
  "transient_position_max_m": 0.060811931283890765,
  "transient_heading_rmse_deg": 4.883763083812151,
  "transient_cmd_w_peak_rad_s": 0.08041536898561105
}
