{
  "input": "/home/hoang/Paper1/paper_logs/gain_tuning/20260718_183445_circle_BSMC_fusion_circle_1m_ks00_baseline.csv",
  "active_duration_s": 61.64003920555115,
  "pre_motion_duration_s": 2.159818172454834,
  "pre_motion_cmd_w_peak_rad_s": 0.009929390241575128,
  "n_samples": 1542,
  "reference_center_x_m": 0.052716574142712525,
  "reference_center_y_m": 0.007424418644092046,
  "reference_radius_m": 1.0000000000000009,
  "position_rmse_m": 0.03487843460655457,
  "position_max_m": 0.07005114870510144,
  "path_rmse_m": 0.02883805706857883,
  "path_max_m": 0.05690811749334468,
  "radial_bias_m": -0.027790257565421705,
  "radial_waviness_rmse_m": 0.00024157443512523406,
  "radial_waviness_peak_to_peak_m": 0.0016040754144676823,
  "heading_rmse_deg": 2.1311014681259244,
  "heading_bias_deg": 1.9459457139508167,
  "cmd_w_rms_rad_s": 0.10245878594198889,
  "cmd_w_peak_rad_s": 0.12166610282133955,
  "cmd_w_delta_std_rad_s": 0.001211410454264547,
  "cmd_w_slew_rms_rad_s2": 0.03027049875918577,
  "transient_position_rmse_m": 0.0958138709704195,
  "transient_position_max_m": 0.17631834403620492,
  "transient_heading_rmse_deg": 3.7876817866699732,
  "transient_cmd_w_peak_rad_s": 0.2025222951160133
}
