{
  "input": "/home/hoang/Paper1/paper_logs/square_1m/20260717_171218_square_BSMC_fusion_square_1m_v3_balanced_damping.csv",
  "n_complete_edges": 4,
  "straight_lateral_bias_m": 0.023943156782713703,
  "straight_lateral_rmse_m": 0.027958946227645817,
  "straight_lateral_max_abs_m": 0.05475630200533999,
  "straight_waviness_rms_m": 0.006555212704059636,
  "straight_lateral_peak_to_peak_max_m": 0.02791508989198581,
  "straight_heading_rmse_deg": 2.0035077271880857,
  "straight_cmd_w_rms_rad_s": 0.02817590680988071,
  "overall_position_rmse_m": 0.03602912162642861,
  "overall_heading_rmse_deg": 28.04884208796682
}
