{
  "input": "/home/hoang/Paper1/paper_runs/20260719_151622_eight_BSMC_eight_bsmc_center_k2_r01.csv",
  "active_duration_s": 90.91956686973572,
  "pre_motion_duration_s": 2.8403480052948,
  "pre_motion_cmd_w_peak_rad_s": 0.18094842807528333,
  "n_samples": 2274,
  "position_rmse_m": 0.03387146459793494,
  "position_max_m": 0.04852728054283157,
  "path_rmse_m": 0.019120239985246753,
  "path_max_m": 0.042043777791922546,
  "lateral_rmse_m": 0.019360848902097185,
  "lateral_bias_m": 0.00025152690123980557,
  "lateral_bias_rms_m": 0.01910705887459174,
  "waviness_rmse_m": 0.0010103627968764328,
  "waviness_peak_to_peak_m": 0.00828473591212833,
  "heading_rmse_deg": 6.084605945285678,
  "heading_bias_deg": -2.027778515285002,
  "lobe_symmetry_rmse_m": 0.02024860567892911,
  "near_center_symmetry_rmse_m": 0.025152888881564386,
  "center_position_rmse_m": 0.029936645748855486,
  "center_path_rmse_m": 0.025052777777645033,
  "center_longitudinal_bias_m": -0.012259140630784817,
  "left_to_right_center_position_rmse_m": 0.02960301094013964,
  "left_to_right_center_lateral_rmse_m": 0.029537878518295712,
  "left_to_right_center_lateral_bias_m": -0.02953767400799859,
  "right_to_left_center_position_rmse_m": 0.029954102536984384,
  "right_to_left_center_lateral_rmse_m": 0.026405529265353812,
  "right_to_left_center_lateral_bias_m": 0.026169518784322308,
  "negative_curve_lateral_bias_m": 0.00808730504543811,
  "positive_curve_lateral_bias_m": -0.009674804361150502,
  "negative_curve_heading_bias_deg": -6.610204511489849,
  "positive_curve_heading_bias_deg": 2.361339204770054,
  "cmd_w_rms_rad_s": 0.1312421656784141,
  "cmd_w_peak_rad_s": 0.3082943886375907,
  "cmd_w_saturation_fraction": 0.0,
  "cmd_w_delta_std_rad_s": 0.0034038740726393185,
  "cmd_w_slew_rms_rad_s2": 0.08520427819834908,
  "transient_path_rmse_m": 0.0215629049762856,
  "transient_path_max_m": 0.03271702556137724,
  "transient_heading_rmse_deg": 31.65352813879767,
  "transient_cmd_w_peak_rad_s": 0.43638040330387096
}
