{
  "input": "/home/hoang/Paper1/paper_runs/20260719_154935_eight_BSMC_eight_bsmc_aligned_r01.csv",
  "active_duration_s": 92.91988158226013,
  "pre_motion_duration_s": 10.680338621139526,
  "pre_motion_cmd_w_peak_rad_s": 0.35,
  "n_samples": 2324,
  "position_rmse_m": 0.03367963670975524,
  "position_max_m": 0.050501352468669096,
  "path_rmse_m": 0.01699650598626741,
  "path_max_m": 0.030020041273364585,
  "lateral_rmse_m": 0.01730847123851472,
  "lateral_bias_m": -0.0010223674284976867,
  "lateral_bias_rms_m": 0.017017169053796823,
  "waviness_rmse_m": 0.0009138000567108755,
  "waviness_peak_to_peak_m": 0.008311257858292237,
  "heading_rmse_deg": 6.23223613306995,
  "heading_bias_deg": -1.8481327165437378,
  "lobe_symmetry_rmse_m": 0.01971326360393229,
  "near_center_symmetry_rmse_m": 0.018886291042072432,
  "center_position_rmse_m": 0.019635954730758635,
  "center_path_rmse_m": 0.014149326569319092,
  "center_longitudinal_bias_m": -0.012495607299124044,
  "left_to_right_center_position_rmse_m": 0.013284130190240127,
  "left_to_right_center_lateral_rmse_m": 0.0067237933109815465,
  "left_to_right_center_lateral_bias_m": 0.00635029871119287,
  "right_to_left_center_position_rmse_m": 0.02223050712789852,
  "right_to_left_center_lateral_rmse_m": 0.016925482414186076,
  "right_to_left_center_lateral_bias_m": 0.01599696186363137,
  "negative_curve_lateral_bias_m": 0.009686135548530544,
  "positive_curve_lateral_bias_m": -0.013648715043325474,
  "negative_curve_heading_bias_deg": -6.573723073013529,
  "positive_curve_heading_bias_deg": 2.550218254694252,
  "cmd_w_rms_rad_s": 0.1288092779519972,
  "cmd_w_peak_rad_s": 0.29865652540893584,
  "cmd_w_saturation_fraction": 0.0,
  "cmd_w_delta_std_rad_s": 0.002984861612879121,
  "cmd_w_slew_rms_rad_s2": 0.07464356325366885,
  "transient_path_rmse_m": 0.02688734488610092,
  "transient_path_max_m": 0.0355135519502003,
  "transient_heading_rmse_deg": 4.2937895102475405,
  "transient_cmd_w_peak_rad_s": 0.03695731185763722
}
