{
  "input": "/home/hoang/Paper1/paper_runs/20260719_161813_eight_BSMC_eight_bsmc_undistorted_r01.csv",
  "active_duration_s": 97.52051544189453,
  "pre_motion_duration_s": 9.119627237319946,
  "pre_motion_cmd_w_peak_rad_s": 0.35,
  "n_samples": 2439,
  "position_rmse_m": 0.03248915303724393,
  "position_max_m": 0.04992096395218698,
  "path_rmse_m": 0.0178617911333482,
  "path_max_m": 0.03277785313266272,
  "lateral_rmse_m": 0.018297824326626726,
  "lateral_bias_m": 0.0015543345377834609,
  "lateral_bias_rms_m": 0.018070673491115193,
  "waviness_rmse_m": 0.0008817194658557533,
  "waviness_peak_to_peak_m": 0.007612587588084013,
  "heading_rmse_deg": 5.903519883679698,
  "heading_bias_deg": -1.9244851075460871,
  "lobe_symmetry_rmse_m": 0.01669338878216182,
  "near_center_symmetry_rmse_m": 0.014785446775919106,
  "center_position_rmse_m": 0.01528339425786289,
  "center_path_rmse_m": 0.011370891508792823,
  "center_longitudinal_bias_m": -0.008837615691420466,
  "left_to_right_center_position_rmse_m": 0.011161039920465372,
  "left_to_right_center_lateral_rmse_m": 0.006597376410740549,
  "left_to_right_center_lateral_bias_m": 0.005100191906024431,
  "right_to_left_center_position_rmse_m": 0.018509334617331088,
  "right_to_left_center_lateral_rmse_m": 0.015284579878967993,
  "right_to_left_center_lateral_bias_m": 0.014475753571311938,
  "negative_curve_lateral_bias_m": 0.0142862557767743,
  "positive_curve_lateral_bias_m": -0.012864658169765642,
  "negative_curve_heading_bias_deg": -6.73567672570798,
  "positive_curve_heading_bias_deg": 2.565208661710412,
  "cmd_w_rms_rad_s": 0.12326791419097234,
  "cmd_w_peak_rad_s": 0.2794833620068407,
  "cmd_w_saturation_fraction": 0.0,
  "cmd_w_delta_std_rad_s": 0.002885063180250525,
  "cmd_w_slew_rms_rad_s2": 0.07213845485293063,
  "transient_path_rmse_m": 0.006368765077210118,
  "transient_path_max_m": 0.008962136794989398,
  "transient_heading_rmse_deg": 0.9567220350740506,
  "transient_cmd_w_peak_rad_s": 0.01857333387262751
}
