{
  "input": "/home/hoang/Paper1/paper_runs/20260719_152230_eight_BSMC_eight_bsmc_center_k2_r02.csv",
  "active_duration_s": 96.9200656414032,
  "pre_motion_duration_s": 2.8003416061401367,
  "pre_motion_cmd_w_peak_rad_s": 0.16428644923331978,
  "n_samples": 2424,
  "position_rmse_m": 0.033673751224570385,
  "position_max_m": 0.04972510530480693,
  "path_rmse_m": 0.018493992936732682,
  "path_max_m": 0.030852267687024544,
  "lateral_rmse_m": 0.018840258521624756,
  "lateral_bias_m": 0.0023317438526741173,
  "lateral_bias_rms_m": 0.018604514466822628,
  "waviness_rmse_m": 0.000906585954486939,
  "waviness_peak_to_peak_m": 0.008221809717930588,
  "heading_rmse_deg": 6.029784671317065,
  "heading_bias_deg": -1.838804744991731,
  "lobe_symmetry_rmse_m": 0.024596056951527567,
  "near_center_symmetry_rmse_m": 0.02760732707846231,
  "center_position_rmse_m": 0.023769605693359806,
  "center_path_rmse_m": 0.01840571386556028,
  "center_longitudinal_bias_m": -0.012408496904753688,
  "left_to_right_center_position_rmse_m": 0.013496882885296898,
  "left_to_right_center_lateral_rmse_m": 0.0036841953170290783,
  "left_to_right_center_lateral_bias_m": -0.0031523076919943377,
  "right_to_left_center_position_rmse_m": 0.031187841268723517,
  "right_to_left_center_lateral_rmse_m": 0.028038843637917314,
  "right_to_left_center_lateral_bias_m": 0.027958815487590723,
  "negative_curve_lateral_bias_m": 0.01185884229507098,
  "positive_curve_lateral_bias_m": -0.009338442469296314,
  "negative_curve_heading_bias_deg": -6.686335113272664,
  "positive_curve_heading_bias_deg": 2.4170253201378276,
  "cmd_w_rms_rad_s": 0.12676739049141403,
  "cmd_w_peak_rad_s": 0.2974880786634344,
  "cmd_w_saturation_fraction": 0.0,
  "cmd_w_delta_std_rad_s": 0.0031006255301526224,
  "cmd_w_slew_rms_rad_s2": 0.07751441439122045,
  "transient_path_rmse_m": 0.007843432828792225,
  "transient_path_max_m": 0.01777123465039656,
  "transient_heading_rmse_deg": 28.866766520178594,
  "transient_cmd_w_peak_rad_s": 0.411971935959957
}
