{
  "input": "/home/hoang/Paper1/paper_runs/20260719_163800_eight_BSMC_eight_bsmc_undist_center_k3_20_r01.csv",
  "active_duration_s": 94.83970737457275,
  "pre_motion_duration_s": 8.920016527175903,
  "pre_motion_cmd_w_peak_rad_s": 0.35,
  "n_samples": 2372,
  "position_rmse_m": 0.03243823521236361,
  "position_max_m": 0.05093899540778347,
  "path_rmse_m": 0.017290456969877133,
  "path_max_m": 0.03419099444041133,
  "lateral_rmse_m": 0.017694667835093943,
  "lateral_bias_m": 0.0009365300113739227,
  "lateral_bias_rms_m": 0.017464534386282666,
  "waviness_rmse_m": 0.0008263606710742529,
  "waviness_peak_to_peak_m": 0.006871311721368987,
  "heading_rmse_deg": 5.9603181797291045,
  "heading_bias_deg": -1.9665780589607527,
  "lobe_symmetry_rmse_m": 0.015161239259954069,
  "near_center_symmetry_rmse_m": 0.01299193078390159,
  "center_position_rmse_m": 0.014748967738517504,
  "center_path_rmse_m": 0.011078455230438988,
  "center_longitudinal_bias_m": -0.008421764525070036,
  "left_to_right_center_position_rmse_m": 0.01049437694915917,
  "left_to_right_center_lateral_rmse_m": 0.0051877714798614265,
  "left_to_right_center_lateral_bias_m": 0.004138187635845861,
  "right_to_left_center_position_rmse_m": 0.01678371678529293,
  "right_to_left_center_lateral_rmse_m": 0.013976823216831242,
  "right_to_left_center_lateral_bias_m": 0.013053826797235437,
  "negative_curve_lateral_bias_m": 0.013718598440725786,
  "positive_curve_lateral_bias_m": -0.01339960188575892,
  "negative_curve_heading_bias_deg": -6.969272788909039,
  "positive_curve_heading_bias_deg": 2.6880890831203814,
  "cmd_w_rms_rad_s": 0.12423723576072936,
  "cmd_w_peak_rad_s": 0.2927318379522044,
  "cmd_w_saturation_fraction": 0.0,
  "cmd_w_delta_std_rad_s": 0.002758500164505875,
  "cmd_w_slew_rms_rad_s2": 0.06899311692039956,
  "transient_path_rmse_m": 0.006918319214093597,
  "transient_path_max_m": 0.010662353804260418,
  "transient_heading_rmse_deg": 0.9952001659258616,
  "transient_cmd_w_peak_rad_s": 0.014895675766911101
}
