{
  "input": "/home/hoang/Paper1/paper_runs/20260719_153036_eight_BSMC_eight_bsmc_center_k2_18_r01.csv",
  "active_duration_s": 96.9203588962555,
  "pre_motion_duration_s": 2.839662551879883,
  "pre_motion_cmd_w_peak_rad_s": 0.1745884432013963,
  "n_samples": 2424,
  "position_rmse_m": 0.032916923201823385,
  "position_max_m": 0.04809024957835591,
  "path_rmse_m": 0.01732271806668572,
  "path_max_m": 0.044563414276908304,
  "lateral_rmse_m": 0.017723492272257522,
  "lateral_bias_m": -0.0014902133120226215,
  "lateral_bias_rms_m": 0.0174433700324105,
  "waviness_rmse_m": 0.001075746041548534,
  "waviness_peak_to_peak_m": 0.009021314849766392,
  "heading_rmse_deg": 5.711670925980401,
  "heading_bias_deg": -1.7176979396452394,
  "lobe_symmetry_rmse_m": 0.01956114929156458,
  "near_center_symmetry_rmse_m": 0.026755030618074983,
  "center_position_rmse_m": 0.02122706065661423,
  "center_path_rmse_m": 0.015924025897223457,
  "center_longitudinal_bias_m": -0.012173524487509151,
  "left_to_right_center_position_rmse_m": 0.0164442537915794,
  "left_to_right_center_lateral_rmse_m": 0.010596398289351851,
  "left_to_right_center_lateral_bias_m": -0.004752388396631267,
  "right_to_left_center_position_rmse_m": 0.02534987808624849,
  "right_to_left_center_lateral_rmse_m": 0.02129087194220672,
  "right_to_left_center_lateral_bias_m": 0.020637673056457972,
  "negative_curve_lateral_bias_m": 0.009000194013910745,
  "positive_curve_lateral_bias_m": -0.01217476476449219,
  "negative_curve_heading_bias_deg": -6.398490641568658,
  "positive_curve_heading_bias_deg": 2.555366984032137,
  "cmd_w_rms_rad_s": 0.1250492659486816,
  "cmd_w_peak_rad_s": 0.27450472960326544,
  "cmd_w_saturation_fraction": 0.0,
  "cmd_w_delta_std_rad_s": 0.0033803108656709924,
  "cmd_w_slew_rms_rad_s2": 0.08461821388463096,
  "transient_path_rmse_m": 0.027121130315902443,
  "transient_path_max_m": 0.0431289880142061,
  "transient_heading_rmse_deg": 33.73043806318842,
  "transient_cmd_w_peak_rad_s": 0.4527069572082436
}
