{
  "input": "/home/hoang/Paper1/paper_runs/20260719_163035_eight_BSMC_eight_bsmc_undist_w006_r01.csv",
  "active_duration_s": 113.43961381912231,
  "pre_motion_duration_s": 9.320003986358643,
  "pre_motion_cmd_w_peak_rad_s": 0.35,
  "n_samples": 2837,
  "position_rmse_m": 0.0350565827474765,
  "position_max_m": 0.05291565339267259,
  "path_rmse_m": 0.022751800712359466,
  "path_max_m": 0.0381702068629108,
  "lateral_rmse_m": 0.023388196993779177,
  "lateral_bias_m": 0.003239807099167982,
  "lateral_bias_rms_m": 0.02326226779793118,
  "waviness_rmse_m": 0.0006470978856445221,
  "waviness_peak_to_peak_m": 0.00658375241751205,
  "heading_rmse_deg": 5.663251317357104,
  "heading_bias_deg": -1.8262073141161932,
  "lobe_symmetry_rmse_m": 0.01606919992260264,
  "near_center_symmetry_rmse_m": 0.01546619960856497,
  "center_position_rmse_m": 0.016129883094169142,
  "center_path_rmse_m": 0.013291975453325668,
  "center_longitudinal_bias_m": -0.007001288656866658,
  "left_to_right_center_position_rmse_m": 0.008846925942617252,
  "left_to_right_center_lateral_rmse_m": 0.004607111111385455,
  "left_to_right_center_lateral_bias_m": -0.0006832559228942391,
  "right_to_left_center_position_rmse_m": 0.021410959169577717,
  "right_to_left_center_lateral_rmse_m": 0.019454082243874928,
  "right_to_left_center_lateral_bias_m": 0.018768814103274065,
  "negative_curve_lateral_bias_m": 0.021935787894674156,
  "positive_curve_lateral_bias_m": -0.016830499177625878,
  "negative_curve_heading_bias_deg": -6.686781071587212,
  "positive_curve_heading_bias_deg": 2.760456935140748,
  "cmd_w_rms_rad_s": 0.10498471055323641,
  "cmd_w_peak_rad_s": 0.29421447539723855,
  "cmd_w_saturation_fraction": 0.0,
  "cmd_w_delta_std_rad_s": 0.00222448919149237,
  "cmd_w_slew_rms_rad_s2": 0.05561686538037387,
  "transient_path_rmse_m": 0.003799741786257904,
  "transient_path_max_m": 0.007102335977194654,
  "transient_heading_rmse_deg": 0.7700458742353504,
  "transient_cmd_w_peak_rad_s": 0.013797979084857095
}
