{
  "input": "/home/hoang/Paper1/paper_runs/20260719_164447_eight_BSMC_eight_bsmc_rolling_start_r01.csv",
  "active_duration_s": 96.80036735534668,
  "pre_motion_duration_s": 2.9598655700683594,
  "pre_motion_cmd_w_peak_rad_s": 0.1884440413238297,
  "n_samples": 2421,
  "position_rmse_m": 0.043425353526647434,
  "position_max_m": 0.0922945583190232,
  "path_rmse_m": 0.02931992847701734,
  "path_max_m": 0.09094682938852613,
  "lateral_rmse_m": 0.030081631469272913,
  "lateral_bias_m": 0.008982350177857252,
  "lateral_bias_rms_m": 0.029816806998573604,
  "waviness_rmse_m": 0.001172096101846202,
  "waviness_peak_to_peak_m": 0.010079777715550783,
  "heading_rmse_deg": 7.281700063213417,
  "heading_bias_deg": -1.9441334854807715,
  "lobe_symmetry_rmse_m": 0.04724315178767073,
  "near_center_symmetry_rmse_m": 0.0662395509389396,
  "center_position_rmse_m": 0.018546695941641014,
  "center_path_rmse_m": 0.013740426723139012,
  "center_longitudinal_bias_m": -0.007982411516258205,
  "left_to_right_center_position_rmse_m": 0.019016500690871966,
  "left_to_right_center_lateral_rmse_m": 0.013600181559009883,
  "left_to_right_center_lateral_bias_m": 0.009254951485503456,
  "right_to_left_center_position_rmse_m": 0.01805181868266448,
  "right_to_left_center_lateral_rmse_m": 0.014700780176470916,
  "right_to_left_center_lateral_bias_m": 0.01409083344050935,
  "negative_curve_lateral_bias_m": 0.026857748612466145,
  "positive_curve_lateral_bias_m": -0.013881241619643147,
  "negative_curve_heading_bias_deg": -7.950041514151755,
  "positive_curve_heading_bias_deg": 2.636625247220106,
  "cmd_w_rms_rad_s": 0.12954637358913318,
  "cmd_w_peak_rad_s": 0.3070799685625544,
  "cmd_w_saturation_fraction": 0.0,
  "cmd_w_delta_std_rad_s": 0.0032020358358578753,
  "cmd_w_slew_rms_rad_s2": 0.08012002178592523,
  "transient_path_rmse_m": 0.059309941658511334,
  "transient_path_max_m": 0.09024090581360836,
  "transient_heading_rmse_deg": 46.41878957010462,
  "transient_cmd_w_peak_rad_s": 0.36478165317736155
}
