{
  "input": "/home/hoang/Paper1/paper_runs/20260719_170630_eight_BSMC_eight_bsmc_center_yaw0_r01.csv",
  "active_duration_s": 96.99980115890503,
  "pre_motion_duration_s": 2.760338306427002,
  "pre_motion_cmd_w_peak_rad_s": 0.006486271995604866,
  "n_samples": 2426,
  "position_rmse_m": 0.032358424591872006,
  "position_max_m": 0.04872357015590061,
  "path_rmse_m": 0.016603084534444184,
  "path_max_m": 0.03037627392618008,
  "lateral_rmse_m": 0.017137515020887104,
  "lateral_bias_m": 0.0019830392446743006,
  "lateral_bias_rms_m": 0.016971729434411036,
  "waviness_rmse_m": 0.000743998236596035,
  "waviness_peak_to_peak_m": 0.0073712771955607645,
  "heading_rmse_deg": 5.705665554415258,
  "heading_bias_deg": -1.9836469123081844,
  "lobe_symmetry_rmse_m": 0.0280789318148691,
  "near_center_symmetry_rmse_m": 0.02315491342718217,
  "center_position_rmse_m": 0.013091197890081,
  "center_path_rmse_m": 0.008494285683321036,
  "center_longitudinal_bias_m": -0.009020863259513606,
  "left_to_right_center_position_rmse_m": 0.010615586586944687,
  "left_to_right_center_lateral_rmse_m": 0.005309384830267874,
  "left_to_right_center_lateral_bias_m": 0.002163420343301724,
  "right_to_left_center_position_rmse_m": 0.015319972938345205,
  "right_to_left_center_lateral_rmse_m": 0.011249556453988679,
  "right_to_left_center_lateral_bias_m": 0.010987669615851847,
  "negative_curve_lateral_bias_m": 0.01609407568854748,
  "positive_curve_lateral_bias_m": -0.013360958553632526,
  "negative_curve_heading_bias_deg": -6.924742985090425,
  "positive_curve_heading_bias_deg": 2.7254148766836446,
  "cmd_w_rms_rad_s": 0.12048004797380862,
  "cmd_w_peak_rad_s": 0.26417348662789963,
  "cmd_w_saturation_fraction": 0.0,
  "cmd_w_delta_std_rad_s": 0.002586066603398197,
  "cmd_w_slew_rms_rad_s2": 0.0646661924330067,
  "transient_path_rmse_m": 0.012031152346808228,
  "transient_path_max_m": 0.025691460605690674,
  "transient_heading_rmse_deg": 1.2332751750095003,
  "transient_cmd_w_peak_rad_s": 0.02458731606964995
}
