{
  "input": "/home/hoang/Paper1/paper_runs/20260719_162519_eight_BSMC_eight_bsmc_undist_ff070_r01.csv",
  "active_duration_s": 94.3595826625824,
  "pre_motion_duration_s": 13.400287389755249,
  "pre_motion_cmd_w_peak_rad_s": 0.35,
  "n_samples": 2360,
  "position_rmse_m": 0.0403370429031851,
  "position_max_m": 0.06412643661489635,
  "path_rmse_m": 0.024351436049407028,
  "path_max_m": 0.0426731168352108,
  "lateral_rmse_m": 0.025491468737417554,
  "lateral_bias_m": 0.009000123946086557,
  "lateral_bias_rms_m": 0.025394912012892377,
  "waviness_rmse_m": 0.0006172964472881656,
  "waviness_peak_to_peak_m": 0.007898059313479987,
  "heading_rmse_deg": 4.704989379828104,
  "heading_bias_deg": -1.4582478266927283,
  "lobe_symmetry_rmse_m": 0.022229234831142027,
  "near_center_symmetry_rmse_m": 0.021242582075007226,
  "center_position_rmse_m": 0.020860090279542914,
  "center_path_rmse_m": 0.017107287941403374,
  "center_longitudinal_bias_m": -0.009095930876344537,
  "left_to_right_center_position_rmse_m": 0.00877573892831127,
  "left_to_right_center_lateral_rmse_m": 0.0035239916338415268,
  "left_to_right_center_lateral_bias_m": -0.002294187848541513,
  "right_to_left_center_position_rmse_m": 0.023972368401061008,
  "right_to_left_center_lateral_rmse_m": 0.02086618233286526,
  "right_to_left_center_lateral_bias_m": 0.020604665724694233,
  "negative_curve_lateral_bias_m": 0.029892953454661354,
  "positive_curve_lateral_bias_m": -0.012107916664803797,
  "negative_curve_heading_bias_deg": -5.4269719267114445,
  "positive_curve_heading_bias_deg": 2.5370311600049287,
  "cmd_w_rms_rad_s": 0.12038135264680433,
  "cmd_w_peak_rad_s": 0.2889868464872908,
  "cmd_w_saturation_fraction": 0.0,
  "cmd_w_delta_std_rad_s": 0.002438543945974225,
  "cmd_w_slew_rms_rad_s2": 0.06101235164912171,
  "transient_path_rmse_m": 0.0029491438727442393,
  "transient_path_max_m": 0.0063356519094676985,
  "transient_heading_rmse_deg": 3.25125598349841,
  "transient_cmd_w_peak_rad_s": 0.0557389076069425
}
