{
  "input": "/home/hoang/Paper1/paper_runs/20260719_153949_eight_BSMC_eight_bsmc_center_k2_18_k3_35_r01.csv",
  "active_duration_s": 96.92005848884583,
  "pre_motion_duration_s": 2.838742256164551,
  "pre_motion_cmd_w_peak_rad_s": 0.10379204147770531,
  "n_samples": 2424,
  "position_rmse_m": 0.03395369416287925,
  "position_max_m": 0.06646913379284432,
  "path_rmse_m": 0.019209374211579495,
  "path_max_m": 0.06500930805391346,
  "lateral_rmse_m": 0.01951717150202104,
  "lateral_bias_m": -0.0030547659059465835,
  "lateral_bias_rms_m": 0.01895607204945698,
  "waviness_rmse_m": 0.0014218512765625288,
  "waviness_peak_to_peak_m": 0.01664906828329782,
  "heading_rmse_deg": 6.11779881692598,
  "heading_bias_deg": -1.8034684275985653,
  "lobe_symmetry_rmse_m": 0.02741803035780028,
  "near_center_symmetry_rmse_m": 0.044342429038695966,
  "center_position_rmse_m": 0.020539211985569843,
  "center_path_rmse_m": 0.013667837634327518,
  "center_longitudinal_bias_m": -0.011875279556307877,
  "left_to_right_center_position_rmse_m": 0.019153142175003444,
  "left_to_right_center_lateral_rmse_m": 0.01173997212882398,
  "left_to_right_center_lateral_bias_m": 0.0010943757662923558,
  "right_to_left_center_position_rmse_m": 0.021920198472586413,
  "right_to_left_center_lateral_rmse_m": 0.01609427135683786,
  "right_to_left_center_lateral_bias_m": 0.015864721607818173,
  "negative_curve_lateral_bias_m": 0.008428978382703994,
  "positive_curve_lateral_bias_m": -0.013356433155536656,
  "negative_curve_heading_bias_deg": -6.096062599948745,
  "positive_curve_heading_bias_deg": 2.5813746084851203,
  "cmd_w_rms_rad_s": 0.1299238555872352,
  "cmd_w_peak_rad_s": 0.38279026856475706,
  "cmd_w_saturation_fraction": 0.0,
  "cmd_w_delta_std_rad_s": 0.003590674030010003,
  "cmd_w_slew_rms_rad_s2": 0.08990842153234559,
  "transient_path_rmse_m": 0.047398533734308204,
  "transient_path_max_m": 0.08236503992737612,
  "transient_heading_rmse_deg": 39.508973073873776,
  "transient_cmd_w_peak_rad_s": 0.34474436949180665
}
