{
  "input": "/home/hoang/Paper1/paper_logs/square_path_following/20260717_160013_square_BSMC_fusion_square_path_v3_cross_track.csv",
  "n_complete_edges": 4,
  "straight_lateral_bias_m": -0.010685164977421092,
  "straight_lateral_rmse_m": 0.04239105086852047,
  "straight_lateral_max_abs_m": 0.1007987216501411,
  "straight_waviness_rms_m": 0.026131436627333412,
  "straight_lateral_peak_to_peak_max_m": 0.11733876419453462,
  "straight_heading_rmse_deg": 12.412384561036145,
  "straight_cmd_w_rms_rad_s": 0.3591763710552279,
  "overall_position_rmse_m": 0.04343198384788429,
  "overall_heading_rmse_deg": 13.509261379465652
}
