{
  "input": "/home/hoang/Paper1/paper_logs/square_path_following/20260717_152525_square_BSMC_fusion_square_path_v2_damped.csv",
  "n_complete_edges": 4,
  "straight_lateral_bias_m": -0.011585354258691373,
  "straight_lateral_rmse_m": 0.04436824446070188,
  "straight_lateral_max_abs_m": 0.12012226411050025,
  "straight_waviness_rms_m": 0.021503880524471084,
  "straight_lateral_peak_to_peak_max_m": 0.09743255184760881,
  "straight_heading_rmse_deg": 7.813766045152635,
  "straight_cmd_w_rms_rad_s": 0.17259233446260477,
  "overall_position_rmse_m": 0.04534554188546723,
  "overall_heading_rmse_deg": 9.821593855355978
}
