{
  "input": "/home/hoang/Paper1/paper_logs/gain_tuning/20260718_144952_eight_BSMC_fusion_eight_amp1_align4_k2_550_k3_700.csv",
  "active_duration_s": 92.44043970108032,
  "pre_motion_duration_s": 6.399939060211182,
  "pre_motion_cmd_w_peak_rad_s": 0.35,
  "n_samples": 2312,
  "position_rmse_m": 0.07069280346760197,
  "position_max_m": 0.09857484766773897,
  "path_rmse_m": 0.05354786057196052,
  "path_max_m": 0.09213445962110071,
  "lateral_rmse_m": 0.055845244477099244,
  "lateral_bias_m": 0.015920297569482503,
  "lateral_bias_rms_m": 0.05568848644066306,
  "waviness_rmse_m": 0.0009448460988603682,
  "waviness_peak_to_peak_m": 0.010838651766720369,
  "heading_rmse_deg": 4.536074382524888,
  "heading_bias_deg": -1.0169608823477259,
  "cmd_w_rms_rad_s": 0.13098461783493173,
  "cmd_w_peak_rad_s": 0.3007628113571925,
  "cmd_w_saturation_fraction": 0.0,
  "cmd_w_delta_std_rad_s": 0.0019835682228929227,
  "cmd_w_slew_rms_rad_s2": 0.04959831062879099,
  "transient_path_rmse_m": 0.04884819485142617,
  "transient_path_max_m": 0.062039228956888424,
  "transient_heading_rmse_deg": 2.3377340592886298,
  "transient_cmd_w_peak_rad_s": 0.029090220199334937
}
