{
  "input": "/home/hoang/Paper1/paper_logs/gain_tuning/20260718_193039_eight_BSMC_fusion_eight_ck1_150_r050.csv",
  "active_duration_s": 101.96003293991089,
  "pre_motion_duration_s": 2.840451240539551,
  "pre_motion_cmd_w_peak_rad_s": 0.18145125304136153,
  "n_samples": 2550,
  "position_rmse_m": 0.033918445798019524,
  "position_max_m": 0.051666293986356665,
  "path_rmse_m": 0.018449690032906446,
  "path_max_m": 0.033186912191806826,
  "lateral_rmse_m": 0.01876611538462132,
  "lateral_bias_m": 0.002286273367968136,
  "lateral_bias_rms_m": 0.018514431288556073,
  "waviness_rmse_m": 0.0009333814526212997,
  "waviness_peak_to_peak_m": 0.008530183851443485,
  "heading_rmse_deg": 5.891259271317939,
  "heading_bias_deg": -1.7947148184046977,
  "lobe_symmetry_rmse_m": 0.024591394741204052,
  "near_center_symmetry_rmse_m": 0.027067478453634313,
  "center_position_rmse_m": 0.02655129309892894,
  "center_path_rmse_m": 0.020085426626524305,
  "center_longitudinal_bias_m": -0.014147179913372873,
  "negative_curve_lateral_bias_m": 0.010134288577862161,
  "positive_curve_lateral_bias_m": -0.00842350302510049,
  "negative_curve_heading_bias_deg": -6.074235586951916,
  "positive_curve_heading_bias_deg": 2.326631566707626,
  "cmd_w_rms_rad_s": 0.12536229551643682,
  "cmd_w_peak_rad_s": 0.31038705284823315,
  "cmd_w_saturation_fraction": 0.0,
  "cmd_w_delta_std_rad_s": 0.0031074490144965606,
  "cmd_w_slew_rms_rad_s2": 0.07769676580774672,
  "transient_path_rmse_m": 0.00837465260202531,
  "transient_path_max_m": 0.015493961322496582,
  "transient_heading_rmse_deg": 26.268566075401786,
  "transient_cmd_w_peak_rad_s": 0.3910930023960296
}
