{
  "input": "/home/hoang/Paper1/paper_logs/gain_tuning/20260718_170034_eight_BSMC_fusion_eight_bsmc_fusion_20260718_170034.csv",
  "active_duration_s": 102.07980036735535,
  "pre_motion_duration_s": 2.760237216949463,
  "pre_motion_cmd_w_peak_rad_s": 0.03765455062424057,
  "n_samples": 2553,
  "position_rmse_m": 0.041515386608231196,
  "position_max_m": 0.0647757811631594,
  "path_rmse_m": 0.023366787414699133,
  "path_max_m": 0.039594914104541246,
  "lateral_rmse_m": 0.02357067842673473,
  "lateral_bias_m": 0.0050926990469458405,
  "lateral_bias_rms_m": 0.02319771945519098,
  "waviness_rmse_m": 0.0010468624417106901,
  "waviness_peak_to_peak_m": 0.009221415262571676,
  "heading_rmse_deg": 7.03658748500307,
  "heading_bias_deg": -2.316705425583929,
  "lobe_symmetry_rmse_m": 0.043857253373074494,
  "near_center_symmetry_rmse_m": 0.066103551320164,
  "negative_curve_lateral_bias_m": 0.012243920545070591,
  "positive_curve_lateral_bias_m": -0.005753273779432539,
  "negative_curve_heading_bias_deg": -6.569441999089017,
  "positive_curve_heading_bias_deg": 2.0989361831720847,
  "cmd_w_rms_rad_s": 0.12609817574956997,
  "cmd_w_peak_rad_s": 0.28107235135272235,
  "cmd_w_saturation_fraction": 0.0,
  "cmd_w_delta_std_rad_s": 0.002113474127102501,
  "cmd_w_slew_rms_rad_s2": 0.052880216089407454,
  "transient_path_rmse_m": 0.032433383919296996,
  "transient_path_max_m": 0.04133637339870211,
  "transient_heading_rmse_deg": 33.79591695277668,
  "transient_cmd_w_peak_rad_s": 0.24064282646018284
}
