{
  "input": "/home/hoang/Paper1/paper_logs/gain_tuning/20260718_172014_eight_BSMC_fusion_eight_bsmc_fusion_20260718_172014.csv",
  "active_duration_s": 101.56026220321655,
  "pre_motion_duration_s": 3.240175724029541,
  "pre_motion_cmd_w_peak_rad_s": 0.11217415468702363,
  "n_samples": 2540,
  "position_rmse_m": 0.0395812155456223,
  "position_max_m": 0.06361906680686749,
  "path_rmse_m": 0.01934747879511973,
  "path_max_m": 0.03217397512601733,
  "lateral_rmse_m": 0.019670117208518783,
  "lateral_bias_m": 0.00362392446881462,
  "lateral_bias_rms_m": 0.019400640273148483,
  "waviness_rmse_m": 0.0010088039203052421,
  "waviness_peak_to_peak_m": 0.008277821170359672,
  "heading_rmse_deg": 6.070615244646839,
  "heading_bias_deg": -1.8779060245533483,
  "lobe_symmetry_rmse_m": 0.03864866654618825,
  "near_center_symmetry_rmse_m": 0.054112721548571226,
  "negative_curve_lateral_bias_m": 0.012199194114670294,
  "positive_curve_lateral_bias_m": -0.00798900710529469,
  "negative_curve_heading_bias_deg": -6.219625412117626,
  "positive_curve_heading_bias_deg": 2.2369018227254496,
  "cmd_w_rms_rad_s": 0.12604759591851,
  "cmd_w_peak_rad_s": 0.29418651440962384,
  "cmd_w_saturation_fraction": 0.0,
  "cmd_w_delta_std_rad_s": 0.003174127488572169,
  "cmd_w_slew_rms_rad_s2": 0.07935104501238781,
  "transient_path_rmse_m": 0.01911290411128512,
  "transient_path_max_m": 0.027475908062862486,
  "transient_heading_rmse_deg": 31.113383437466542,
  "transient_cmd_w_peak_rad_s": 0.22395935080512475
}
