{
  "input": "/home/hoang/Paper1/paper_logs/gain_tuning/20260718_172502_eight_BSMC_fusion_eight_bsmc_fusion_20260718_172502.csv",
  "active_duration_s": 101.59998106956482,
  "pre_motion_duration_s": 3.2003238201141357,
  "pre_motion_cmd_w_peak_rad_s": 0.12488972083180841,
  "n_samples": 2541,
  "position_rmse_m": 0.03977046910457598,
  "position_max_m": 0.06511708748565453,
  "path_rmse_m": 0.019818388601756772,
  "path_max_m": 0.037906414936583505,
  "lateral_rmse_m": 0.0200195891078927,
  "lateral_bias_m": 0.004382265921447562,
  "lateral_bias_rms_m": 0.019743435235370938,
  "waviness_rmse_m": 0.0011545788016333457,
  "waviness_peak_to_peak_m": 0.009271518204815686,
  "heading_rmse_deg": 5.9942530601646125,
  "heading_bias_deg": -1.852841274477661,
  "lobe_symmetry_rmse_m": 0.03943786658692705,
  "near_center_symmetry_rmse_m": 0.05676358747155071,
  "negative_curve_lateral_bias_m": 0.012411856661053895,
  "positive_curve_lateral_bias_m": -0.006731939670732951,
  "negative_curve_heading_bias_deg": -6.183123143740803,
  "positive_curve_heading_bias_deg": 2.1256569685812323,
  "cmd_w_rms_rad_s": 0.1286342476133339,
  "cmd_w_peak_rad_s": 0.2888674108751063,
  "cmd_w_saturation_fraction": 0.0,
  "cmd_w_delta_std_rad_s": 0.003910559908710608,
  "cmd_w_slew_rms_rad_s2": 0.09787929981996522,
  "transient_path_rmse_m": 0.02009585155900161,
  "transient_path_max_m": 0.02779984464020147,
  "transient_heading_rmse_deg": 31.423555547302644,
  "transient_cmd_w_peak_rad_s": 0.2537959017593847
}
