{
  "input": "/home/hoang/Paper1/paper_logs/gain_tuning/20260718_145548_eight_BSMC_fusion_eight_amp1_align4_k1_030.csv",
  "active_duration_s": 92.43988180160522,
  "pre_motion_duration_s": 6.399662494659424,
  "pre_motion_cmd_w_peak_rad_s": 0.35,
  "n_samples": 2312,
  "position_rmse_m": 0.07610786697394847,
  "position_max_m": 0.1092838885764201,
  "path_rmse_m": 0.06267858342822477,
  "path_max_m": 0.10632466938912906,
  "lateral_rmse_m": 0.06531740871413648,
  "lateral_bias_m": 0.017270677040367617,
  "lateral_bias_rms_m": 0.06517802308503028,
  "waviness_rmse_m": 0.00078168702338163,
  "waviness_peak_to_peak_m": 0.006223702284068447,
  "heading_rmse_deg": 4.54160770959192,
  "heading_bias_deg": -1.1075764884563335,
  "cmd_w_rms_rad_s": 0.1304574300385876,
  "cmd_w_peak_rad_s": 0.28640615885738724,
  "cmd_w_saturation_fraction": 0.0,
  "cmd_w_delta_std_rad_s": 0.001945491223324934,
  "cmd_w_slew_rms_rad_s2": 0.048615910986735254,
  "transient_path_rmse_m": 0.05181785317034497,
  "transient_path_max_m": 0.06233022138070304,
  "transient_heading_rmse_deg": 2.363081182300869,
  "transient_cmd_w_peak_rad_s": 0.029789141007400974
}
