{
  "input": "/home/hoang/Paper1/paper_logs/gain_tuning/20260718_191255_eight_BSMC_fusion_eight_wff_neg_062.csv",
  "active_duration_s": 101.68034482002258,
  "pre_motion_duration_s": 3.119410753250122,
  "pre_motion_cmd_w_peak_rad_s": 0.29845191230864654,
  "n_samples": 2543,
  "position_rmse_m": 0.03993300335859386,
  "position_max_m": 0.06158022592635155,
  "path_rmse_m": 0.020677487634013957,
  "path_max_m": 0.03719735586135534,
  "lateral_rmse_m": 0.021255785478863868,
  "lateral_bias_m": 0.007000921967839701,
  "lateral_bias_rms_m": 0.021068929563761624,
  "waviness_rmse_m": 0.0009116407388116148,
  "waviness_peak_to_peak_m": 0.00799049821552669,
  "heading_rmse_deg": 5.152152919210892,
  "heading_bias_deg": -1.5806247008779624,
  "lobe_symmetry_rmse_m": 0.030575640320969058,
  "near_center_symmetry_rmse_m": 0.041974337419874615,
  "center_position_rmse_m": 0.04278347359661656,
  "center_path_rmse_m": 0.021823228745051576,
  "center_longitudinal_bias_m": -0.03475336189608341,
  "negative_curve_lateral_bias_m": 0.01819290338531707,
  "positive_curve_lateral_bias_m": -0.006979914619308216,
  "negative_curve_heading_bias_deg": -5.456958509349022,
  "positive_curve_heading_bias_deg": 2.255281177285439,
  "cmd_w_rms_rad_s": 0.12300122267381108,
  "cmd_w_peak_rad_s": 0.274521485302363,
  "cmd_w_saturation_fraction": 0.0,
  "cmd_w_delta_std_rad_s": 0.0030570849371602065,
  "cmd_w_slew_rms_rad_s2": 0.07645925756502098,
  "transient_path_rmse_m": 0.008607953991264726,
  "transient_path_max_m": 0.016382744349571095,
  "transient_heading_rmse_deg": 28.166778856974645,
  "transient_cmd_w_peak_rad_s": 0.4449812597420822
}
