{
  "input": "/home/hoang/Paper1/paper_logs/gain_tuning/20260718_150135_eight_BSMC_fusion_eight_amp1_align4_k2_650_k3_700.csv",
  "active_duration_s": 92.39940118789673,
  "pre_motion_duration_s": 6.400681018829346,
  "pre_motion_cmd_w_peak_rad_s": 0.35,
  "n_samples": 2311,
  "position_rmse_m": 0.06768148101483398,
  "position_max_m": 0.09645076845015191,
  "path_rmse_m": 0.049860302859805916,
  "path_max_m": 0.0898292516613051,
  "lateral_rmse_m": 0.051990023260374864,
  "lateral_bias_m": 0.01329637267286124,
  "lateral_bias_rms_m": 0.0518124496813823,
  "waviness_rmse_m": 0.0009100548652041137,
  "waviness_peak_to_peak_m": 0.008143940802954303,
  "heading_rmse_deg": 5.053165780800847,
  "heading_bias_deg": -1.0952329520662947,
  "cmd_w_rms_rad_s": 0.13426383793320312,
  "cmd_w_peak_rad_s": 0.3067730568959484,
  "cmd_w_saturation_fraction": 0.0,
  "cmd_w_delta_std_rad_s": 0.0020771431155438137,
  "cmd_w_slew_rms_rad_s2": 0.051908196285421586,
  "transient_path_rmse_m": 0.04404477307141351,
  "transient_path_max_m": 0.06082737595819158,
  "transient_heading_rmse_deg": 2.521789678257368,
  "transient_cmd_w_peak_rad_s": 0.02813688775542431
}
