{
  "input": "/home/hoang/Paper1/paper_logs/gain_tuning/20260718_184900_eight_BSMC_fusion_eight_neg_yrfb_042.csv",
  "active_duration_s": 101.52070593833923,
  "pre_motion_duration_s": 3.119781970977783,
  "pre_motion_cmd_w_peak_rad_s": 0.30920057335637297,
  "n_samples": 2539,
  "position_rmse_m": 0.038013975773042635,
  "position_max_m": 0.06195237313914912,
  "path_rmse_m": 0.018486387002430514,
  "path_max_m": 0.035735674840231824,
  "lateral_rmse_m": 0.018743014241433133,
  "lateral_bias_m": 0.0035177860022519683,
  "lateral_bias_rms_m": 0.018482187379456304,
  "waviness_rmse_m": 0.001133301709315687,
  "waviness_peak_to_peak_m": 0.009991759311650488,
  "heading_rmse_deg": 5.625857088911422,
  "heading_bias_deg": -1.822303151259701,
  "lobe_symmetry_rmse_m": 0.028392095118553257,
  "near_center_symmetry_rmse_m": 0.03720065970849714,
  "center_position_rmse_m": 0.042294953169762235,
  "center_path_rmse_m": 0.020162776573988003,
  "center_longitudinal_bias_m": -0.03632177367306935,
  "negative_curve_lateral_bias_m": 0.011421582711192875,
  "positive_curve_lateral_bias_m": -0.007436024541536159,
  "negative_curve_heading_bias_deg": -6.002812580054175,
  "positive_curve_heading_bias_deg": 2.090017883769387,
  "cmd_w_rms_rad_s": 0.12449710402178492,
  "cmd_w_peak_rad_s": 0.2917878822366126,
  "cmd_w_saturation_fraction": 0.0,
  "cmd_w_delta_std_rad_s": 0.003471224475509937,
  "cmd_w_slew_rms_rad_s2": 0.0868097328803815,
  "transient_path_rmse_m": 0.0078578578132454,
  "transient_path_max_m": 0.014092959029875675,
  "transient_heading_rmse_deg": 27.077251309609128,
  "transient_cmd_w_peak_rad_s": 0.43817647594021114
}
