{
  "input": "/home/hoang/Paper1/paper_logs/gain_tuning/20260718_151537_eight_BSMC_fusion_eight_amp1_wff080.csv",
  "active_duration_s": 92.44081568717957,
  "pre_motion_duration_s": 6.3600451946258545,
  "pre_motion_cmd_w_peak_rad_s": 0.35,
  "n_samples": 2312,
  "position_rmse_m": 0.05093999880983271,
  "position_max_m": 0.0769569403928151,
  "path_rmse_m": 0.03482429169392762,
  "path_max_m": 0.06658174658793425,
  "lateral_rmse_m": 0.035841935369960165,
  "lateral_bias_m": 0.013432658938331867,
  "lateral_bias_rms_m": 0.0356463532033816,
  "waviness_rmse_m": 0.0008902457534890868,
  "waviness_peak_to_peak_m": 0.008129366012212917,
  "heading_rmse_deg": 5.399315562577301,
  "heading_bias_deg": -1.0842353776574103,
  "negative_curve_lateral_bias_m": 0.02781817850720765,
  "positive_curve_lateral_bias_m": -0.0033058303119690617,
  "negative_curve_heading_bias_deg": -4.282496173827858,
  "positive_curve_heading_bias_deg": 2.04910488621546,
  "cmd_w_rms_rad_s": 0.13025651807545557,
  "cmd_w_peak_rad_s": 0.2742745308429672,
  "cmd_w_saturation_fraction": 0.0,
  "cmd_w_delta_std_rad_s": 0.0019966531248220435,
  "cmd_w_slew_rms_rad_s2": 0.049926790572797246,
  "transient_path_rmse_m": 0.05254632948628301,
  "transient_path_max_m": 0.06392825740468662,
  "transient_heading_rmse_deg": 2.743387161496728,
  "transient_cmd_w_peak_rad_s": 0.048132068606919244
}
