{
  "input": "/home/hoang/Paper1/paper_logs/gain_tuning/20260718_153402_eight_BSMC_fusion_eight_amp1_final_candidate_k3_800.csv",
  "active_duration_s": 98.43986892700195,
  "pre_motion_duration_s": 6.400469064712524,
  "pre_motion_cmd_w_peak_rad_s": 0.35,
  "n_samples": 2462,
  "position_rmse_m": 0.0478828466981353,
  "position_max_m": 0.07275321024456632,
  "path_rmse_m": 0.031081088028944413,
  "path_max_m": 0.057753170580679095,
  "lateral_rmse_m": 0.03169436093147869,
  "lateral_bias_m": 0.009025972951122384,
  "lateral_bias_rms_m": 0.03145820906081926,
  "waviness_rmse_m": 0.0009987043974483047,
  "waviness_peak_to_peak_m": 0.009206956983568855,
  "heading_rmse_deg": 5.512207921697738,
  "heading_bias_deg": -1.3595673621532225,
  "negative_curve_lateral_bias_m": 0.019165467220410033,
  "positive_curve_lateral_bias_m": -0.004904504541372087,
  "negative_curve_heading_bias_deg": -4.36218834712069,
  "positive_curve_heading_bias_deg": 1.8317726761761857,
  "cmd_w_rms_rad_s": 0.12741111938573907,
  "cmd_w_peak_rad_s": 0.2855323450534264,
  "cmd_w_saturation_fraction": 0.0,
  "cmd_w_delta_std_rad_s": 0.002246680966261695,
  "cmd_w_slew_rms_rad_s2": 0.05614195179641091,
  "transient_path_rmse_m": 0.04502321594047921,
  "transient_path_max_m": 0.05772271078132828,
  "transient_heading_rmse_deg": 2.5365653570214715,
  "transient_cmd_w_peak_rad_s": 0.024314913322513922
}
