{
  "input": "/home/hoang/Paper1/paper_logs/gain_tuning/20260718_160712_eight_BSMC_fusion_eight_right_lobe_k3neg900.csv",
  "active_duration_s": 102.44011950492859,
  "pre_motion_duration_s": 2.319866895675659,
  "pre_motion_cmd_w_peak_rad_s": 0.14774172094822563,
  "n_samples": 2562,
  "position_rmse_m": 0.05432866793963537,
  "position_max_m": 0.1101074966112917,
  "path_rmse_m": 0.03783032713511815,
  "path_max_m": 0.09581368721699379,
  "lateral_rmse_m": 0.039201616131089544,
  "lateral_bias_m": 0.015909981227534398,
  "lateral_bias_rms_m": 0.03901835029866182,
  "waviness_rmse_m": 0.001260950529081659,
  "waviness_peak_to_peak_m": 0.016838039872091884,
  "heading_rmse_deg": 5.431172361123195,
  "heading_bias_deg": -1.1886507185782587,
  "negative_curve_lateral_bias_m": 0.030758873697285173,
  "positive_curve_lateral_bias_m": -0.004761353736941045,
  "negative_curve_heading_bias_deg": -3.8531462113720187,
  "positive_curve_heading_bias_deg": 2.024236496859619,
  "cmd_w_rms_rad_s": 0.12882006559482964,
  "cmd_w_peak_rad_s": 0.29099556749042,
  "cmd_w_saturation_fraction": 0.0,
  "cmd_w_delta_std_rad_s": 0.002931571257509626,
  "cmd_w_slew_rms_rad_s2": 0.07402875318878277,
  "transient_path_rmse_m": 0.09697044748586846,
  "transient_path_max_m": 0.13277282730396556,
  "transient_heading_rmse_deg": 32.19758034949452,
  "transient_cmd_w_peak_rad_s": 0.6328129197627682
}
