{
  "input": "/home/hoang/Paper1/paper_logs/gain_tuning/20260718_163655_eight_BSMC_fusion_eight_bsmc_fusion_20260718_163655.csv",
  "active_duration_s": 102.55955457687378,
  "pre_motion_duration_s": 2.2404236793518066,
  "pre_motion_cmd_w_peak_rad_s": 0.0035407352471060584,
  "n_samples": 2565,
  "position_rmse_m": 0.045107389203544394,
  "position_max_m": 0.07131910366210485,
  "path_rmse_m": 0.028696580692977498,
  "path_max_m": 0.052381405682158926,
  "lateral_rmse_m": 0.02934297054550529,
  "lateral_bias_m": 0.010813373132306387,
  "lateral_bias_rms_m": 0.02910015066844035,
  "waviness_rmse_m": 0.0010066496140990454,
  "waviness_peak_to_peak_m": 0.009079139593826148,
  "heading_rmse_deg": 6.626501786739765,
  "heading_bias_deg": -2.3922645701960614,
  "negative_curve_lateral_bias_m": 0.023039969720720505,
  "positive_curve_lateral_bias_m": -0.006203262919428452,
  "negative_curve_heading_bias_deg": -6.623449897385861,
  "positive_curve_heading_bias_deg": 2.351754070211051,
  "cmd_w_rms_rad_s": 0.12684876909831294,
  "cmd_w_peak_rad_s": 0.27144819041137125,
  "cmd_w_saturation_fraction": 0.0,
  "cmd_w_delta_std_rad_s": 0.0020382929496590386,
  "cmd_w_slew_rms_rad_s2": 0.05109361834538438,
  "transient_path_rmse_m": 0.06997237641135035,
  "transient_path_max_m": 0.10671700557862704,
  "transient_heading_rmse_deg": 33.07843365419362,
  "transient_cmd_w_peak_rad_s": 0.566531182934488
}
