{
  "input": "/home/hoang/Paper1/paper_logs/gain_tuning/20260718_190600_eight_BSMC_fusion_eight_vcmd_scale_096.csv",
  "active_duration_s": 101.59933376312256,
  "pre_motion_duration_s": 3.2001824378967285,
  "pre_motion_cmd_w_peak_rad_s": 0.32549290405827314,
  "n_samples": 2541,
  "position_rmse_m": 0.03654776766249626,
  "position_max_m": 0.05110785547497403,
  "path_rmse_m": 0.023758539884878783,
  "path_max_m": 0.03695571509642785,
  "lateral_rmse_m": 0.024317257298210555,
  "lateral_bias_m": 0.0036859033926276066,
  "lateral_bias_rms_m": 0.024114821866219407,
  "waviness_rmse_m": 0.0009842110172097894,
  "waviness_peak_to_peak_m": 0.008094926021640865,
  "heading_rmse_deg": 6.080008863456706,
  "heading_bias_deg": -1.8560984352636953,
  "lobe_symmetry_rmse_m": 0.033311717374178325,
  "near_center_symmetry_rmse_m": 0.04639621663101183,
  "center_position_rmse_m": 0.0359659212069464,
  "center_path_rmse_m": 0.02251082661270361,
  "center_longitudinal_bias_m": -0.02576207282132173,
  "negative_curve_lateral_bias_m": 0.017957789514717493,
  "positive_curve_lateral_bias_m": -0.014430670079511165,
  "negative_curve_heading_bias_deg": -6.487927483975421,
  "positive_curve_heading_bias_deg": 2.4171439645204633,
  "cmd_w_rms_rad_s": 0.12521268895654383,
  "cmd_w_peak_rad_s": 0.28843080470471716,
  "cmd_w_saturation_fraction": 0.0,
  "cmd_w_delta_std_rad_s": 0.003225979707403076,
  "cmd_w_slew_rms_rad_s2": 0.08066193936020961,
  "transient_path_rmse_m": 0.024958230045076458,
  "transient_path_max_m": 0.04354980706906965,
  "transient_heading_rmse_deg": 34.37420140040009,
  "transient_cmd_w_peak_rad_s": 0.4762182907043395
}
