{
  "input": "/home/hoang/Paper1/paper_logs/gain_tuning/20260718_153037_eight_BSMC_fusion_eight_amp1_best_k3_900.csv",
  "active_duration_s": 98.44056844711304,
  "pre_motion_duration_s": 6.399711608886719,
  "pre_motion_cmd_w_peak_rad_s": 0.35,
  "n_samples": 2462,
  "position_rmse_m": 0.049960942398175744,
  "position_max_m": 0.07733111543956364,
  "path_rmse_m": 0.032921185289607094,
  "path_max_m": 0.060566736782094455,
  "lateral_rmse_m": 0.03370597686555285,
  "lateral_bias_m": 0.009902069558895363,
  "lateral_bias_rms_m": 0.03351646107117889,
  "waviness_rmse_m": 0.0009072533173838138,
  "waviness_peak_to_peak_m": 0.00738417036288638,
  "heading_rmse_deg": 4.988425904807691,
  "heading_bias_deg": -1.227111886777551,
  "negative_curve_lateral_bias_m": 0.021188095026852982,
  "positive_curve_lateral_bias_m": -0.0052036549058807405,
  "negative_curve_heading_bias_deg": -3.930323145703088,
  "positive_curve_heading_bias_deg": 1.6478241799357367,
  "cmd_w_rms_rad_s": 0.12722184455489027,
  "cmd_w_peak_rad_s": 0.2830416545191807,
  "cmd_w_saturation_fraction": 0.0,
  "cmd_w_delta_std_rad_s": 0.0023497946415844432,
  "cmd_w_slew_rms_rad_s2": 0.058773621815526304,
  "transient_path_rmse_m": 0.048408049134220775,
  "transient_path_max_m": 0.05968306634871902,
  "transient_heading_rmse_deg": 2.0468626096610367,
  "transient_cmd_w_peak_rad_s": 0.03360347630038442
}
