{
  "input": "/home/hoang/Paper1/paper_logs/gain_tuning/20260718_173938_eight_BSMC_fusion_eight_bsmc_fusion_20260718_173938.csv",
  "active_duration_s": 101.59929585456848,
  "pre_motion_duration_s": 3.1996922492980957,
  "pre_motion_cmd_w_peak_rad_s": 0.3130403839240121,
  "n_samples": 2541,
  "position_rmse_m": 0.03947314560776567,
  "position_max_m": 0.06688506468239878,
  "path_rmse_m": 0.019599338417842747,
  "path_max_m": 0.03513678252819034,
  "lateral_rmse_m": 0.01977741185994099,
  "lateral_bias_m": 0.002667525364251249,
  "lateral_bias_rms_m": 0.019556351768597477,
  "waviness_rmse_m": 0.0008989345525669013,
  "waviness_peak_to_peak_m": 0.008183434080747426,
  "heading_rmse_deg": 5.648304432039274,
  "heading_bias_deg": -1.7808791880529031,
  "lobe_symmetry_rmse_m": 0.03572704571547678,
  "near_center_symmetry_rmse_m": 0.05490261721675988,
  "negative_curve_lateral_bias_m": 0.01001251531532207,
  "positive_curve_lateral_bias_m": -0.006829149611208258,
  "negative_curve_heading_bias_deg": -5.900089421285731,
  "positive_curve_heading_bias_deg": 2.113699320206769,
  "cmd_w_rms_rad_s": 0.12430364810272439,
  "cmd_w_peak_rad_s": 0.30480696928162576,
  "cmd_w_saturation_fraction": 0.0,
  "cmd_w_delta_std_rad_s": 0.0030185955625849793,
  "cmd_w_slew_rms_rad_s2": 0.07558780031100767,
  "transient_path_rmse_m": 0.02759298446298472,
  "transient_path_max_m": 0.038164553236640496,
  "transient_heading_rmse_deg": 30.817705379593548,
  "transient_cmd_w_peak_rad_s": 0.4581479549276495
}
