{
  "input": "/home/hoang/Paper1/paper_logs/gain_tuning/20260718_135236_eight_BSMC_fusion_eight_bsmc_fusion_20260718_135236.csv",
  "active_duration_s": 90.72071313858032,
  "n_samples": 2269,
  "position_rmse_m": 0.06687315593705279,
  "position_max_m": 0.11174822442895864,
  "path_rmse_m": 0.03455031704815338,
  "path_max_m": 0.0685146111352102,
  "lateral_rmse_m": 0.037185725039789605,
  "lateral_bias_m": -0.004666059712162756,
  "lateral_bias_rms_m": 0.036408370729732804,
  "waviness_rmse_m": 0.00168787524542374,
  "waviness_peak_to_peak_m": 0.01187164350818085,
  "heading_rmse_deg": 8.490911662501283,
  "heading_bias_deg": -2.425999099522047,
  "cmd_w_rms_rad_s": 0.29087434672657353,
  "cmd_w_peak_rad_s": 0.5806714509335122,
  "cmd_w_saturation_fraction": 0.0,
  "cmd_w_delta_std_rad_s": 0.005376252590586118,
  "cmd_w_slew_rms_rad_s2": 0.13443643993746693,
  "transient_path_rmse_m": 0.050177491825853814,
  "transient_path_max_m": 0.11059850444313891,
  "transient_heading_rmse_deg": 1.3153803463842217,
  "transient_cmd_w_peak_rad_s": 0.10342309911313669
}
