{
  "input": "/home/hoang/Paper1/paper_logs/gain_tuning/20260718_180754_eight_BSMC_fusion_eight_center_local_k1_045.csv",
  "active_duration_s": 101.63945889472961,
  "pre_motion_duration_s": 3.080869197845459,
  "pre_motion_cmd_w_peak_rad_s": 0.27354467458902365,
  "n_samples": 2542,
  "position_rmse_m": 0.03627674661521432,
  "position_max_m": 0.06144539177431111,
  "path_rmse_m": 0.018613446101856303,
  "path_max_m": 0.034166147808526046,
  "lateral_rmse_m": 0.018804452683025732,
  "lateral_bias_m": 0.0032465340960343056,
  "lateral_bias_rms_m": 0.01853244290702861,
  "waviness_rmse_m": 0.001034923795727718,
  "waviness_peak_to_peak_m": 0.00885618075059386,
  "heading_rmse_deg": 5.917379045628103,
  "heading_bias_deg": -1.8240295202418422,
  "lobe_symmetry_rmse_m": 0.02841704567362884,
  "near_center_symmetry_rmse_m": 0.036395007516255046,
  "center_position_rmse_m": 0.038978726785851785,
  "center_path_rmse_m": 0.018461155705806295,
  "center_longitudinal_bias_m": -0.033356702979709156,
  "negative_curve_lateral_bias_m": 0.01122302360582308,
  "positive_curve_lateral_bias_m": -0.007568558341166258,
  "negative_curve_heading_bias_deg": -6.155245696642019,
  "positive_curve_heading_bias_deg": 2.3440656946505056,
  "cmd_w_rms_rad_s": 0.12512295693753495,
  "cmd_w_peak_rad_s": 0.30307324611134745,
  "cmd_w_saturation_fraction": 0.0,
  "cmd_w_delta_std_rad_s": 0.0032977104720705486,
  "cmd_w_slew_rms_rad_s2": 0.08239245197890106,
  "transient_path_rmse_m": 0.007446188481721963,
  "transient_path_max_m": 0.013756085811395546,
  "transient_heading_rmse_deg": 26.104228208274073,
  "transient_cmd_w_peak_rad_s": 0.4206509971625356
}
