{
  "input": "/home/hoang/Paper1/paper_logs/gain_tuning/20260718_152038_eight_BSMC_fusion_eight_amp1_wff_neg070_pos080.csv",
  "active_duration_s": 92.60022497177124,
  "pre_motion_duration_s": 6.200174808502197,
  "pre_motion_cmd_w_peak_rad_s": 0.35,
  "n_samples": 2316,
  "position_rmse_m": 0.04632836540021131,
  "position_max_m": 0.07657251554894105,
  "path_rmse_m": 0.028280443058892615,
  "path_max_m": 0.05343504261465438,
  "lateral_rmse_m": 0.029109282845497426,
  "lateral_bias_m": 0.01239173610156395,
  "lateral_bias_rms_m": 0.028861774522968828,
  "waviness_rmse_m": 0.0009834563208455677,
  "waviness_peak_to_peak_m": 0.008207438362514835,
  "heading_rmse_deg": 5.922344496466056,
  "heading_bias_deg": -1.5827746387005772,
  "negative_curve_lateral_bias_m": 0.02629106074421946,
  "positive_curve_lateral_bias_m": -0.003549346865273372,
  "negative_curve_heading_bias_deg": -5.510408976281463,
  "positive_curve_heading_bias_deg": 2.0090274855486414,
  "cmd_w_rms_rad_s": 0.12941066229130585,
  "cmd_w_peak_rad_s": 0.26544104195064905,
  "cmd_w_saturation_fraction": 0.0,
  "cmd_w_delta_std_rad_s": 0.0021382162310205816,
  "cmd_w_slew_rms_rad_s2": 0.05357521987016579,
  "transient_path_rmse_m": 0.05514779074449331,
  "transient_path_max_m": 0.08582436384785205,
  "transient_heading_rmse_deg": 26.480549295938246,
  "transient_cmd_w_peak_rad_s": 0.47357559549508244
}
