{
  "input": "/home/hoang/Paper1/paper_logs/gain_tuning/20260718_165621_eight_BSMC_fusion_eight_bsmc_fusion_20260718_165621.csv",
  "active_duration_s": 102.320139169693,
  "pre_motion_duration_s": 2.480501174926758,
  "pre_motion_cmd_w_peak_rad_s": 0.015762078341820203,
  "n_samples": 2559,
  "position_rmse_m": 0.04094299165053949,
  "position_max_m": 0.06393486940482966,
  "path_rmse_m": 0.022628324219828272,
  "path_max_m": 0.04898196966226963,
  "lateral_rmse_m": 0.02288118649257957,
  "lateral_bias_m": 0.004034183583151563,
  "lateral_bias_rms_m": 0.022506462312435745,
  "waviness_rmse_m": 0.001199339359201373,
  "waviness_peak_to_peak_m": 0.011029418865324518,
  "heading_rmse_deg": 7.010158324866874,
  "heading_bias_deg": -2.4647835285882533,
  "lobe_symmetry_rmse_m": 0.0482673361924565,
  "near_center_symmetry_rmse_m": 0.07820737008860165,
  "negative_curve_lateral_bias_m": 0.010163464003989103,
  "positive_curve_lateral_bias_m": -0.00568927445819118,
  "negative_curve_heading_bias_deg": -6.6848385069662015,
  "positive_curve_heading_bias_deg": 2.121417208118608,
  "cmd_w_rms_rad_s": 0.12878865079762264,
  "cmd_w_peak_rad_s": 0.2678225717965043,
  "cmd_w_saturation_fraction": 0.0,
  "cmd_w_delta_std_rad_s": 0.0022561533500548396,
  "cmd_w_slew_rms_rad_s2": 0.05659613266079346,
  "transient_path_rmse_m": 0.0563584079632531,
  "transient_path_max_m": 0.07858759815776756,
  "transient_heading_rmse_deg": 34.91464389013972,
  "transient_cmd_w_peak_rad_s": 0.3625747502553059
}
