{
  "input": "/home/hoang/Paper1/paper_logs/gain_tuning/20260718_175353_eight_BSMC_fusion_eight_bsmc_fusion_20260718_175353.csv",
  "active_duration_s": 101.59895443916321,
  "pre_motion_duration_s": 3.2011377811431885,
  "pre_motion_cmd_w_peak_rad_s": 0.30952232838535476,
  "n_samples": 2541,
  "position_rmse_m": 0.038752647233760235,
  "position_max_m": 0.06370227264976311,
  "path_rmse_m": 0.017771740090787618,
  "path_max_m": 0.03179148797639763,
  "lateral_rmse_m": 0.018046608464501932,
  "lateral_bias_m": 0.003625970554487277,
  "lateral_bias_rms_m": 0.017807141441755773,
  "waviness_rmse_m": 0.0010507640279999063,
  "waviness_peak_to_peak_m": 0.00834182759242411,
  "heading_rmse_deg": 5.509265792560843,
  "heading_bias_deg": -1.8353556951061945,
  "lobe_symmetry_rmse_m": 0.029006379131347782,
  "near_center_symmetry_rmse_m": 0.04171347604108732,
  "negative_curve_lateral_bias_m": 0.011514232465803421,
  "positive_curve_lateral_bias_m": -0.007142051578603137,
  "negative_curve_heading_bias_deg": -6.034082156354683,
  "positive_curve_heading_bias_deg": 2.143799009897046,
  "cmd_w_rms_rad_s": 0.12302519772854038,
  "cmd_w_peak_rad_s": 0.2975859554150446,
  "cmd_w_saturation_fraction": 0.0,
  "cmd_w_delta_std_rad_s": 0.0033696727681948326,
  "cmd_w_slew_rms_rad_s2": 0.08420965971780901,
  "transient_path_rmse_m": 0.008059315192884484,
  "transient_path_max_m": 0.01514976548627203,
  "transient_heading_rmse_deg": 25.29443754115729,
  "transient_cmd_w_peak_rad_s": 0.4277117442354396
}
