{
  "input": "/home/hoang/Paper1/paper_logs/gain_tuning/20260718_143002_eight_BSMC_fusion_eight_amp1_k2_550.csv",
  "active_duration_s": 94.79960227012634,
  "n_samples": 2371,
  "position_rmse_m": 0.07187371926594675,
  "position_max_m": 0.10062671447818794,
  "path_rmse_m": 0.0528463212440194,
  "path_max_m": 0.08817296254940227,
  "lateral_rmse_m": 0.0555371445240738,
  "lateral_bias_m": 0.019499625355807224,
  "lateral_bias_rms_m": 0.055358313306899866,
  "waviness_rmse_m": 0.001241776408950331,
  "waviness_peak_to_peak_m": 0.014567171662731838,
  "heading_rmse_deg": 4.834101809976204,
  "heading_bias_deg": -1.3050966199936282,
  "cmd_w_rms_rad_s": 0.13119277875865581,
  "cmd_w_peak_rad_s": 0.3384092419941354,
  "cmd_w_saturation_fraction": 0.0,
  "cmd_w_delta_std_rad_s": 0.002651424297353707,
  "cmd_w_slew_rms_rad_s2": 0.06650661417647522,
  "transient_path_rmse_m": 0.04572745542860034,
  "transient_path_max_m": 0.09486293249673465,
  "transient_heading_rmse_deg": 31.857340532930632,
  "transient_cmd_w_peak_rad_s": 0.4587255646168079
}
