{
  "input": "/home/hoang/Paper1/paper_logs/gain_tuning/20260718_141631_eight_BSMC_fusion_eight_horizontal_k2_450.csv",
  "active_duration_s": 94.79953145980835,
  "n_samples": 2371,
  "position_rmse_m": 0.06298603250809066,
  "position_max_m": 0.09724740524456996,
  "path_rmse_m": 0.030568241130245453,
  "path_max_m": 0.057899970206367696,
  "lateral_rmse_m": 0.03226951365153943,
  "lateral_bias_m": -0.003806678616329184,
  "lateral_bias_rms_m": 0.03153198747663169,
  "waviness_rmse_m": 0.0015428065985290114,
  "waviness_peak_to_peak_m": 0.01055991520206656,
  "heading_rmse_deg": 8.35805719142584,
  "heading_bias_deg": -2.0651597139608286,
  "cmd_w_rms_rad_s": 0.28744905919791197,
  "cmd_w_peak_rad_s": 0.5647804214535336,
  "cmd_w_saturation_fraction": 0.0,
  "cmd_w_delta_std_rad_s": 0.0046274703691819245,
  "cmd_w_slew_rms_rad_s2": 0.11597087822173699,
  "transient_path_rmse_m": 0.03914808835382499,
  "transient_path_max_m": 0.08027925990835909,
  "transient_heading_rmse_deg": 29.631530448869285,
  "transient_cmd_w_peak_rad_s": 0.31914048245823323
}
