{
  "input": "/home/hoang/Paper1/paper_logs/gain_tuning/20260718_143448_eight_BSMC_fusion_eight_amp1_k2_500.csv",
  "active_duration_s": 94.71953344345093,
  "n_samples": 2369,
  "position_rmse_m": 0.0728578232128646,
  "position_max_m": 0.10418117326382553,
  "path_rmse_m": 0.05420019800929939,
  "path_max_m": 0.0926241198847646,
  "lateral_rmse_m": 0.056738430419809735,
  "lateral_bias_m": 0.018205885877739858,
  "lateral_bias_rms_m": 0.05653866256950733,
  "waviness_rmse_m": 0.0012439186662593982,
  "waviness_peak_to_peak_m": 0.015263010464515628,
  "heading_rmse_deg": 5.4688363449307715,
  "heading_bias_deg": -1.365615472372004,
  "cmd_w_rms_rad_s": 0.13364768846931535,
  "cmd_w_peak_rad_s": 0.30175089278248884,
  "cmd_w_saturation_fraction": 0.0,
  "cmd_w_delta_std_rad_s": 0.0025715172978317455,
  "cmd_w_slew_rms_rad_s2": 0.0648885272438331,
  "transient_path_rmse_m": 0.04233796959304355,
  "transient_path_max_m": 0.08668608691194024,
  "transient_heading_rmse_deg": 30.818991817313787,
  "transient_cmd_w_peak_rad_s": 0.417719130022751
}
