{
  "input": "/home/hoang/Paper1/paper_logs/gain_tuning/20260718_145845_eight_BSMC_fusion_eight_amp1_align4_k2_650_k3_700.csv",
  "active_duration_s": 92.44052600860596,
  "pre_motion_duration_s": 6.359976530075073,
  "pre_motion_cmd_w_peak_rad_s": 0.35,
  "n_samples": 2312,
  "position_rmse_m": 0.06937829941513614,
  "position_max_m": 0.09776753390958491,
  "path_rmse_m": 0.050954163144276775,
  "path_max_m": 0.08530606929858504,
  "lateral_rmse_m": 0.05326933055718998,
  "lateral_bias_m": 0.013909668047094264,
  "lateral_bias_rms_m": 0.053127994038249166,
  "waviness_rmse_m": 0.0008048840117317556,
  "waviness_peak_to_peak_m": 0.0066009474619784445,
  "heading_rmse_deg": 4.551781512624573,
  "heading_bias_deg": -1.0529075318612167,
  "cmd_w_rms_rad_s": 0.13113166272957733,
  "cmd_w_peak_rad_s": 0.29238458372766063,
  "cmd_w_saturation_fraction": 0.0,
  "cmd_w_delta_std_rad_s": 0.001980938189904378,
  "cmd_w_slew_rms_rad_s2": 0.04953539710545551,
  "transient_path_rmse_m": 0.04919231985507024,
  "transient_path_max_m": 0.06048418918624841,
  "transient_heading_rmse_deg": 2.0335434297952,
  "transient_cmd_w_peak_rad_s": 0.05012581630324561
}
