{
  "input": "/home/hoang/Paper1/paper_logs/gain_tuning/20260718_162749_eight_BSMC_fusion_eight_centered_entry_blend8.csv",
  "active_duration_s": 102.55976128578186,
  "pre_motion_duration_s": 2.2396419048309326,
  "pre_motion_cmd_w_peak_rad_s": 0.0029228294733466566,
  "n_samples": 2565,
  "position_rmse_m": 0.07082901223875761,
  "position_max_m": 0.18355928813803965,
  "path_rmse_m": 0.051272814308273795,
  "path_max_m": 0.17974409283524928,
  "lateral_rmse_m": 0.05399873337699991,
  "lateral_bias_m": 0.02682008389951806,
  "lateral_bias_rms_m": 0.0537709290345344,
  "waviness_rmse_m": 0.0008404530057178017,
  "waviness_peak_to_peak_m": 0.0063395799298933825,
  "heading_rmse_deg": 7.113552048492504,
  "heading_bias_deg": -2.688779229137894,
  "negative_curve_lateral_bias_m": 0.0548313375485594,
  "positive_curve_lateral_bias_m": -0.005667844691280562,
  "negative_curve_heading_bias_deg": -7.017716496605779,
  "positive_curve_heading_bias_deg": 2.1646576050037054,
  "cmd_w_rms_rad_s": 0.12899494625209446,
  "cmd_w_peak_rad_s": 0.2833231143439746,
  "cmd_w_saturation_fraction": 0.0,
  "cmd_w_delta_std_rad_s": 0.0019068736712502955,
  "cmd_w_slew_rms_rad_s2": 0.04790876800809643,
  "transient_path_rmse_m": 0.12138446995961488,
  "transient_path_max_m": 0.18301040163681767,
  "transient_heading_rmse_deg": 38.04946816754328,
  "transient_cmd_w_peak_rad_s": 0.25328830376371686
}
