{
  "input": "/home/hoang/Paper1/paper_logs/gain_tuning/20260718_180035_eight_BSMC_fusion_eight_center_k1_030.csv",
  "active_duration_s": 101.71997714042664,
  "pre_motion_duration_s": 3.199995279312134,
  "pre_motion_cmd_w_peak_rad_s": 0.30268611291325614,
  "n_samples": 2544,
  "position_rmse_m": 0.037845581459983776,
  "position_max_m": 0.05900721305859435,
  "path_rmse_m": 0.023820248519654613,
  "path_max_m": 0.039372514817103695,
  "lateral_rmse_m": 0.02421813677473859,
  "lateral_bias_m": 0.0031863869297713314,
  "lateral_bias_rms_m": 0.024028164449816668,
  "waviness_rmse_m": 0.0008556102509407435,
  "waviness_peak_to_peak_m": 0.007206038258200491,
  "heading_rmse_deg": 5.744985757101353,
  "heading_bias_deg": -1.8254330108223367,
  "lobe_symmetry_rmse_m": 0.02775693317392235,
  "near_center_symmetry_rmse_m": 0.038546411595947676,
  "negative_curve_lateral_bias_m": 0.015794943952537003,
  "positive_curve_lateral_bias_m": -0.012064178460491714,
  "negative_curve_heading_bias_deg": -6.210788061361074,
  "positive_curve_heading_bias_deg": 2.413365658589032,
  "cmd_w_rms_rad_s": 0.12215194012009671,
  "cmd_w_peak_rad_s": 0.2867094900621521,
  "cmd_w_saturation_fraction": 0.0,
  "cmd_w_delta_std_rad_s": 0.0028458790836602696,
  "cmd_w_slew_rms_rad_s2": 0.07110929428545637,
  "transient_path_rmse_m": 0.010653040133504285,
  "transient_path_max_m": 0.015592951485629272,
  "transient_heading_rmse_deg": 24.00819880786632,
  "transient_cmd_w_peak_rad_s": 0.4039357054839208
}
