{
  "input": "/home/hoang/Paper1/paper_logs/gain_tuning/20260718_173032_eight_BSMC_fusion_eight_bsmc_fusion_20260718_173032.csv",
  "active_duration_s": 101.5994963645935,
  "pre_motion_duration_s": 3.2001147270202637,
  "pre_motion_cmd_w_peak_rad_s": 0.31267059769100763,
  "n_samples": 2541,
  "position_rmse_m": 0.04031350886008037,
  "position_max_m": 0.06794772404645323,
  "path_rmse_m": 0.019672050508517912,
  "path_max_m": 0.03402953000917241,
  "lateral_rmse_m": 0.019850471494623798,
  "lateral_bias_m": 0.003494456390126688,
  "lateral_bias_rms_m": 0.019623011808081712,
  "waviness_rmse_m": 0.0008555949798117528,
  "waviness_peak_to_peak_m": 0.006882355120648448,
  "heading_rmse_deg": 5.5762546910141015,
  "heading_bias_deg": -1.8498072714852685,
  "lobe_symmetry_rmse_m": 0.030983014643697536,
  "near_center_symmetry_rmse_m": 0.043612263497094704,
  "negative_curve_lateral_bias_m": 0.01148201814098899,
  "positive_curve_lateral_bias_m": -0.007110595517723848,
  "negative_curve_heading_bias_deg": -5.910949118738014,
  "positive_curve_heading_bias_deg": 2.013648348211579,
  "cmd_w_rms_rad_s": 0.12334083012763054,
  "cmd_w_peak_rad_s": 0.28995531801115837,
  "cmd_w_saturation_fraction": 0.0,
  "cmd_w_delta_std_rad_s": 0.0027013215364091216,
  "cmd_w_slew_rms_rad_s2": 0.06758606282359249,
  "transient_path_rmse_m": 0.008542000497316427,
  "transient_path_max_m": 0.013123556858916833,
  "transient_heading_rmse_deg": 25.20666214405394,
  "transient_cmd_w_peak_rad_s": 0.41511103299999397
}
