{
  "input": "/home/hoang/Paper1/paper_logs/gain_tuning/20260718_174950_eight_BSMC_fusion_eight_bsmc_fusion_20260718_174950.csv",
  "active_duration_s": 101.59969210624695,
  "pre_motion_duration_s": 3.1998963356018066,
  "pre_motion_cmd_w_peak_rad_s": 0.3119227222803482,
  "n_samples": 2541,
  "position_rmse_m": 0.03787103718772827,
  "position_max_m": 0.06666633968204067,
  "path_rmse_m": 0.017745965193257555,
  "path_max_m": 0.030737926709047517,
  "lateral_rmse_m": 0.017969836714160026,
  "lateral_bias_m": 0.0023863720830714476,
  "lateral_bias_rms_m": 0.01774664288346609,
  "waviness_rmse_m": 0.0008695783147737851,
  "waviness_peak_to_peak_m": 0.007432450428937809,
  "heading_rmse_deg": 5.503571695950424,
  "heading_bias_deg": -1.7996769340559147,
  "lobe_symmetry_rmse_m": 0.02810948470948599,
  "near_center_symmetry_rmse_m": 0.040382316449861726,
  "negative_curve_lateral_bias_m": 0.009769876403105374,
  "positive_curve_lateral_bias_m": -0.007231986848056675,
  "negative_curve_heading_bias_deg": -6.00540972745594,
  "positive_curve_heading_bias_deg": 2.3025217464533183,
  "cmd_w_rms_rad_s": 0.12199309070796632,
  "cmd_w_peak_rad_s": 0.290251077338289,
  "cmd_w_saturation_fraction": 0.0,
  "cmd_w_delta_std_rad_s": 0.002981108859588443,
  "cmd_w_slew_rms_rad_s2": 0.07452851628279283,
  "transient_path_rmse_m": 0.013533215010259211,
  "transient_path_max_m": 0.01732840586025387,
  "transient_heading_rmse_deg": 24.48072191753336,
  "transient_cmd_w_peak_rad_s": 0.4312602445931153
}
