{
  "input": "/home/hoang/Paper1/paper_logs/gain_tuning/20260718_191726_eight_BSMC_fusion_eight_wff_neg_058.csv",
  "active_duration_s": 101.71974563598633,
  "pre_motion_duration_s": 3.1206016540527344,
  "pre_motion_cmd_w_peak_rad_s": 0.2767990622505815,
  "n_samples": 2544,
  "position_rmse_m": 0.03919529022153948,
  "position_max_m": 0.06100655950899401,
  "path_rmse_m": 0.020501796805877232,
  "path_max_m": 0.03475366290599111,
  "lateral_rmse_m": 0.020905109186436597,
  "lateral_bias_m": 0.006030082669152077,
  "lateral_bias_rms_m": 0.020626455364743418,
  "waviness_rmse_m": 0.0010751835024545113,
  "waviness_peak_to_peak_m": 0.009523299139686078,
  "heading_rmse_deg": 5.900928404800362,
  "heading_bias_deg": -1.7279060711857797,
  "lobe_symmetry_rmse_m": 0.03247901237369832,
  "near_center_symmetry_rmse_m": 0.04407834539844749,
  "center_position_rmse_m": 0.04318120938886977,
  "center_path_rmse_m": 0.021517276529761487,
  "center_longitudinal_bias_m": -0.03544447717671192,
  "negative_curve_lateral_bias_m": 0.01542639769580009,
  "positive_curve_lateral_bias_m": -0.006396953805974446,
  "negative_curve_heading_bias_deg": -5.743553845517329,
  "positive_curve_heading_bias_deg": 2.1019325105759243,
  "cmd_w_rms_rad_s": 0.12807650709311294,
  "cmd_w_peak_rad_s": 0.33961647108447746,
  "cmd_w_saturation_fraction": 0.0,
  "cmd_w_delta_std_rad_s": 0.003474041327679654,
  "cmd_w_slew_rms_rad_s2": 0.08687507087850375,
  "transient_path_rmse_m": 0.011747074102214664,
  "transient_path_max_m": 0.023139998768840056,
  "transient_heading_rmse_deg": 29.43724000324132,
  "transient_cmd_w_peak_rad_s": 0.45569706687145384
}
