{
  "input": "/home/hoang/Paper1/paper_logs/gain_tuning/20260718_163244_eight_BSMC_fusion_eight_centered_entry_blend2.csv",
  "active_duration_s": 102.56005144119263,
  "pre_motion_duration_s": 2.2402610778808594,
  "pre_motion_cmd_w_peak_rad_s": 0.005035140786852494,
  "n_samples": 2565,
  "position_rmse_m": 0.05015226736993831,
  "position_max_m": 0.08202133485166015,
  "path_rmse_m": 0.03350842779184694,
  "path_max_m": 0.0639074331002461,
  "lateral_rmse_m": 0.03443832782956703,
  "lateral_bias_m": 0.014250046592000834,
  "lateral_bias_rms_m": 0.034216567575933,
  "waviness_rmse_m": 0.0008768570861362395,
  "waviness_peak_to_peak_m": 0.007121259942346634,
  "heading_rmse_deg": 6.301958916728296,
  "heading_bias_deg": -2.1132058067430264,
  "negative_curve_lateral_bias_m": 0.029219877052620837,
  "positive_curve_lateral_bias_m": -0.006328908675937632,
  "negative_curve_heading_bias_deg": -5.798113484006799,
  "positive_curve_heading_bias_deg": 2.1251708367734565,
  "cmd_w_rms_rad_s": 0.12903823895579342,
  "cmd_w_peak_rad_s": 0.2884832480957473,
  "cmd_w_saturation_fraction": 0.0,
  "cmd_w_delta_std_rad_s": 0.0020354375609304295,
  "cmd_w_slew_rms_rad_s2": 0.050912619197430335,
  "transient_path_rmse_m": 0.0639191669951609,
  "transient_path_max_m": 0.09230206936518084,
  "transient_heading_rmse_deg": 32.06293504591257,
  "transient_cmd_w_peak_rad_s": 0.5241278370594726
}
