{
  "input": "/home/hoang/Paper1/paper_logs/gain_tuning/20260718_170509_eight_BSMC_fusion_eight_bsmc_fusion_20260718_170509.csv",
  "active_duration_s": 101.59986424446106,
  "pre_motion_duration_s": 3.2415504455566406,
  "pre_motion_cmd_w_peak_rad_s": 0.07887198407120688,
  "n_samples": 2541,
  "position_rmse_m": 0.04004253908876886,
  "position_max_m": 0.06414318215203171,
  "path_rmse_m": 0.02353550664203446,
  "path_max_m": 0.0434403207238697,
  "lateral_rmse_m": 0.0238047102126221,
  "lateral_bias_m": 0.005248665372542888,
  "lateral_bias_rms_m": 0.023480097147389713,
  "waviness_rmse_m": 0.0009563750953470722,
  "waviness_peak_to_peak_m": 0.008621738233092958,
  "heading_rmse_deg": 6.955026622268768,
  "heading_bias_deg": -2.109695258115013,
  "lobe_symmetry_rmse_m": 0.041447378349599315,
  "near_center_symmetry_rmse_m": 0.058946487664651374,
  "negative_curve_lateral_bias_m": 0.012766624566199486,
  "positive_curve_lateral_bias_m": -0.005680536618880144,
  "negative_curve_heading_bias_deg": -6.570910401647384,
  "positive_curve_heading_bias_deg": 2.2300281373672672,
  "cmd_w_rms_rad_s": 0.12405331110400723,
  "cmd_w_peak_rad_s": 0.26663452665740883,
  "cmd_w_saturation_fraction": 0.0,
  "cmd_w_delta_std_rad_s": 0.0020272958009375204,
  "cmd_w_slew_rms_rad_s2": 0.050713989440676475,
  "transient_path_rmse_m": 0.020130000516938872,
  "transient_path_max_m": 0.02593631202294075,
  "transient_heading_rmse_deg": 32.099673861898744,
  "transient_cmd_w_peak_rad_s": 0.17701402356367998
}
