{
  "input": "/home/hoang/Paper1/paper_logs/gain_tuning/20260718_144127_eight_BSMC_fusion_eight_amp1_align4_k2_550.csv",
  "active_duration_s": 96.43975067138672,
  "pre_motion_duration_s": 2.3602356910705566,
  "pre_motion_cmd_w_peak_rad_s": 0.11648890070593318,
  "n_samples": 2412,
  "position_rmse_m": 0.07060045909433253,
  "position_max_m": 0.10032376715147075,
  "path_rmse_m": 0.05173183979666903,
  "path_max_m": 0.08719356201100344,
  "lateral_rmse_m": 0.05419916119745955,
  "lateral_bias_m": 0.016731723324643608,
  "lateral_bias_rms_m": 0.054038858401557054,
  "waviness_rmse_m": 0.0008423344384298063,
  "waviness_peak_to_peak_m": 0.006959685865173075,
  "heading_rmse_deg": 4.766937159327079,
  "heading_bias_deg": -1.1964700659776073,
  "cmd_w_rms_rad_s": 0.12853866992398785,
  "cmd_w_peak_rad_s": 0.28899378792193287,
  "cmd_w_saturation_fraction": 0.0,
  "cmd_w_delta_std_rad_s": 0.0018182613907364177,
  "cmd_w_slew_rms_rad_s2": 0.04558447833831065,
  "transient_path_rmse_m": 0.05366443709830558,
  "transient_path_max_m": 0.08519689786465234,
  "transient_heading_rmse_deg": 28.14612349921448,
  "transient_cmd_w_peak_rad_s": 0.4036093826799566
}
