{
  "input": "/home/hoang/Paper1/paper_logs/gain_tuning/20260718_151127_eight_BSMC_fusion_eight_amp1_wff090.csv",
  "active_duration_s": 92.44018483161926,
  "pre_motion_duration_s": 6.359996557235718,
  "pre_motion_cmd_w_peak_rad_s": 0.35,
  "n_samples": 2312,
  "position_rmse_m": 0.05852965930322991,
  "position_max_m": 0.08401744803978364,
  "path_rmse_m": 0.041784887465987304,
  "path_max_m": 0.07617992081722616,
  "lateral_rmse_m": 0.04321792926698227,
  "lateral_bias_m": 0.0137975747688663,
  "lateral_bias_rms_m": 0.04304157336098588,
  "waviness_rmse_m": 0.0008368050367234728,
  "waviness_peak_to_peak_m": 0.0071042917804974015,
  "heading_rmse_deg": 5.0012953239378595,
  "heading_bias_deg": -1.0523298215106298,
  "negative_curve_lateral_bias_m": 0.037565561697784924,
  "positive_curve_lateral_bias_m": -0.011974382756574012,
  "negative_curve_heading_bias_deg": -3.217989676979696,
  "positive_curve_heading_bias_deg": 1.080221960800601,
  "cmd_w_rms_rad_s": 0.13095736234488606,
  "cmd_w_peak_rad_s": 0.2988763481642857,
  "cmd_w_saturation_fraction": 0.0,
  "cmd_w_delta_std_rad_s": 0.001975745902894894,
  "cmd_w_slew_rms_rad_s2": 0.049379475860029366,
  "transient_path_rmse_m": 0.04966633593421575,
  "transient_path_max_m": 0.061268930452721415,
  "transient_heading_rmse_deg": 2.293036057672894,
  "transient_cmd_w_peak_rad_s": 0.03383836691421291
}
