{
  "input": "/home/hoang/Paper1/paper_logs/gain_tuning/20260718_142109_eight_BSMC_fusion_eight_horizontal_k2_450_k3_600.csv",
  "active_duration_s": 94.76086211204529,
  "n_samples": 2370,
  "position_rmse_m": 0.06459078157867962,
  "position_max_m": 0.1023881698957801,
  "path_rmse_m": 0.031124351441020028,
  "path_max_m": 0.061080769965553075,
  "lateral_rmse_m": 0.03274931940885092,
  "lateral_bias_m": -0.0028629005790913,
  "lateral_bias_rms_m": 0.032000574988352716,
  "waviness_rmse_m": 0.001586850301003889,
  "waviness_peak_to_peak_m": 0.01046519067582318,
  "heading_rmse_deg": 8.012415766135604,
  "heading_bias_deg": -1.9770945481863789,
  "cmd_w_rms_rad_s": 0.29058489625269235,
  "cmd_w_peak_rad_s": 0.5757087801832996,
  "cmd_w_saturation_fraction": 0.0,
  "cmd_w_delta_std_rad_s": 0.004916879728317955,
  "cmd_w_slew_rms_rad_s2": 0.12332294604103641,
  "transient_path_rmse_m": 0.042559617553140874,
  "transient_path_max_m": 0.08689020157688528,
  "transient_heading_rmse_deg": 31.369647756679154,
  "transient_cmd_w_peak_rad_s": 0.3958987416764873
}
