{
  "input": "/home/hoang/Paper1/paper_logs/gain_tuning/20260718_184607_eight_BSMC_fusion_eight_neg_yrfb_042.csv",
  "active_duration_s": 101.72019720077515,
  "pre_motion_duration_s": 3.0798592567443848,
  "pre_motion_cmd_w_peak_rad_s": 0.30247985757818996,
  "n_samples": 2544,
  "position_rmse_m": 0.04003807158197668,
  "position_max_m": 0.11986309667566433,
  "path_rmse_m": 0.0224142257113471,
  "path_max_m": 0.07561706723531443,
  "lateral_rmse_m": 0.022573012742607874,
  "lateral_bias_m": -0.0021984180948765616,
  "lateral_bias_rms_m": 0.02218114023592485,
  "waviness_rmse_m": 0.0012006170485678582,
  "waviness_peak_to_peak_m": 0.011077235480933808,
  "heading_rmse_deg": 5.883656526479264,
  "heading_bias_deg": -1.9735931798170496,
  "lobe_symmetry_rmse_m": 0.04748381277975551,
  "near_center_symmetry_rmse_m": 0.08020300606903397,
  "center_position_rmse_m": 0.03918248843820793,
  "center_path_rmse_m": 0.01859210892563147,
  "center_longitudinal_bias_m": -0.03356688286170708,
  "negative_curve_lateral_bias_m": 0.003381219194941617,
  "positive_curve_lateral_bias_m": -0.008161843185675295,
  "negative_curve_heading_bias_deg": -5.560951355786511,
  "positive_curve_heading_bias_deg": 2.324115445877048,
  "cmd_w_rms_rad_s": 0.13393932346695187,
  "cmd_w_peak_rad_s": 0.4499633861400536,
  "cmd_w_saturation_fraction": 0.0,
  "cmd_w_delta_std_rad_s": 0.004074902278571067,
  "cmd_w_slew_rms_rad_s2": 0.10329639938508615,
  "transient_path_rmse_m": 0.05784336178157915,
  "transient_path_max_m": 0.09185677987233322,
  "transient_heading_rmse_deg": 40.8363697006611,
  "transient_cmd_w_peak_rad_s": 0.4915455933073194
}
