{
  "input": "/home/hoang/Paper1/paper_logs/gain_tuning/20260718_142605_eight_BSMC_fusion_eight_amp1_baseline.csv",
  "active_duration_s": 94.71943807601929,
  "n_samples": 2369,
  "position_rmse_m": 0.07517011570956988,
  "position_max_m": 0.10437560141432387,
  "path_rmse_m": 0.05631488717561501,
  "path_max_m": 0.09496859997243884,
  "lateral_rmse_m": 0.059137223665782626,
  "lateral_bias_m": 0.020087514651652254,
  "lateral_bias_rms_m": 0.05899508962570235,
  "waviness_rmse_m": 0.0008433425906493182,
  "waviness_peak_to_peak_m": 0.006992758847305942,
  "heading_rmse_deg": 4.558587022324384,
  "heading_bias_deg": -1.2507973928244316,
  "cmd_w_rms_rad_s": 0.12888214368530715,
  "cmd_w_peak_rad_s": 0.28774039576293836,
  "cmd_w_saturation_fraction": 0.0,
  "cmd_w_delta_std_rad_s": 0.002059706692691086,
  "cmd_w_slew_rms_rad_s2": 0.05231453551186495,
  "transient_path_rmse_m": 0.03210879023404154,
  "transient_path_max_m": 0.06351449084630223,
  "transient_heading_rmse_deg": 29.03332737217223,
  "transient_cmd_w_peak_rad_s": 0.3612219282276346
}
