{
  "input": "/home/hoang/Paper1/paper_logs/gain_tuning/20260718_164127_eight_BSMC_fusion_eight_bsmc_fusion_20260718_164127.csv",
  "active_duration_s": 102.5204222202301,
  "pre_motion_duration_s": 2.239853620529175,
  "pre_motion_cmd_w_peak_rad_s": 0.002412159021314381,
  "n_samples": 2564,
  "position_rmse_m": 0.0422371886591017,
  "position_max_m": 0.06576911386215466,
  "path_rmse_m": 0.023662042286275917,
  "path_max_m": 0.03815438410965109,
  "lateral_rmse_m": 0.023841448550990636,
  "lateral_bias_m": 0.004757970813227832,
  "lateral_bias_rms_m": 0.023531048128937262,
  "waviness_rmse_m": 0.001007511332898982,
  "waviness_peak_to_peak_m": 0.00872232121600452,
  "heading_rmse_deg": 6.681386830859202,
  "heading_bias_deg": -2.4804720518402052,
  "negative_curve_lateral_bias_m": 0.011785987471013254,
  "positive_curve_lateral_bias_m": -0.00597160510207626,
  "negative_curve_heading_bias_deg": -6.5995005305912295,
  "positive_curve_heading_bias_deg": 2.035677523234307,
  "cmd_w_rms_rad_s": 0.1257702087583145,
  "cmd_w_peak_rad_s": 0.27613483689446033,
  "cmd_w_saturation_fraction": 0.0,
  "cmd_w_delta_std_rad_s": 0.001989499960374289,
  "cmd_w_slew_rms_rad_s2": 0.04976395076420612,
  "transient_path_rmse_m": 0.06498794719277624,
  "transient_path_max_m": 0.09993967224254192,
  "transient_heading_rmse_deg": 31.676435642283423,
  "transient_cmd_w_peak_rad_s": 0.5604530123916618
}
