{
  "input": "/home/hoang/Paper1/paper_logs/gain_tuning/20260718_140039_eight_BSMC_fusion_eight_bsmc_fusion_20260718_140039.csv",
  "active_duration_s": 90.76010036468506,
  "n_samples": 2270,
  "position_rmse_m": 0.06622989038512725,
  "position_max_m": 0.10838680395378236,
  "path_rmse_m": 0.03544113784844357,
  "path_max_m": 0.06676614093325454,
  "lateral_rmse_m": 0.03785487752075005,
  "lateral_bias_m": -0.004743872343775377,
  "lateral_bias_rms_m": 0.03709057739363144,
  "waviness_rmse_m": 0.0016277035881436875,
  "waviness_peak_to_peak_m": 0.010409251019650161,
  "heading_rmse_deg": 8.337636905895168,
  "heading_bias_deg": -2.340651070983825,
  "cmd_w_rms_rad_s": 0.29294172039751365,
  "cmd_w_peak_rad_s": 0.5917930024546658,
  "cmd_w_saturation_fraction": 0.0,
  "cmd_w_delta_std_rad_s": 0.004611971418755655,
  "cmd_w_slew_rms_rad_s2": 0.1152822638993684,
  "transient_path_rmse_m": 0.027016604117808936,
  "transient_path_max_m": 0.048225779379123875,
  "transient_heading_rmse_deg": 1.4349342800884959,
  "transient_cmd_w_peak_rad_s": 0.01808775497610576
}
