{
  "input": "/home/hoang/Paper1/paper_logs/gain_tuning/20260718_181231_eight_BSMC_fusion_eight_center_local_k1_060.csv",
  "active_duration_s": 101.7596697807312,
  "pre_motion_duration_s": 3.040144205093384,
  "pre_motion_cmd_w_peak_rad_s": 0.2549853001112039,
  "n_samples": 2545,
  "position_rmse_m": 0.03695601910868012,
  "position_max_m": 0.062108300922268954,
  "path_rmse_m": 0.018712373010729363,
  "path_max_m": 0.03322496465007715,
  "lateral_rmse_m": 0.018929951691027683,
  "lateral_bias_m": 0.00225684671349684,
  "lateral_bias_rms_m": 0.01863930892653638,
  "waviness_rmse_m": 0.0009845909443948885,
  "waviness_peak_to_peak_m": 0.008472444670375286,
  "heading_rmse_deg": 5.922335419822291,
  "heading_bias_deg": -1.8566870840396483,
  "lobe_symmetry_rmse_m": 0.027508426257709464,
  "near_center_symmetry_rmse_m": 0.03258815241696545,
  "center_position_rmse_m": 0.03916078483637737,
  "center_path_rmse_m": 0.020167839945173387,
  "center_longitudinal_bias_m": -0.03185012641512969,
  "negative_curve_lateral_bias_m": 0.00931361231187215,
  "positive_curve_lateral_bias_m": -0.007697737036694485,
  "negative_curve_heading_bias_deg": -6.021288566351371,
  "positive_curve_heading_bias_deg": 2.2302727722158444,
  "cmd_w_rms_rad_s": 0.12744631834206538,
  "cmd_w_peak_rad_s": 0.30468182849853287,
  "cmd_w_saturation_fraction": 0.0,
  "cmd_w_delta_std_rad_s": 0.0032982301935891695,
  "cmd_w_slew_rms_rad_s2": 0.08250345804174097,
  "transient_path_rmse_m": 0.010332731657048802,
  "transient_path_max_m": 0.015499529294572345,
  "transient_heading_rmse_deg": 24.864008044299354,
  "transient_cmd_w_peak_rad_s": 0.4034105116493813
}
