{
  "input": "/home/hoang/Paper1/paper_logs/gain_tuning/20260718_192129_eight_BSMC_fusion_eight_ck1_070_r040.csv",
  "active_duration_s": 101.83995461463928,
  "pre_motion_duration_s": 3.0404961109161377,
  "pre_motion_cmd_w_peak_rad_s": 0.25125972586013856,
  "n_samples": 2547,
  "position_rmse_m": 0.035163338253878566,
  "position_max_m": 0.058851976635227024,
  "path_rmse_m": 0.018124147121767735,
  "path_max_m": 0.029864326325840566,
  "lateral_rmse_m": 0.018461425052218955,
  "lateral_bias_m": 0.003101705178837714,
  "lateral_bias_rms_m": 0.01823413094142697,
  "waviness_rmse_m": 0.0009626449050485359,
  "waviness_peak_to_peak_m": 0.008103053858360095,
  "heading_rmse_deg": 5.6748348579189205,
  "heading_bias_deg": -1.7922959768800422,
  "lobe_symmetry_rmse_m": 0.024106016004523195,
  "near_center_symmetry_rmse_m": 0.030362170802596712,
  "center_position_rmse_m": 0.03232007063313251,
  "center_path_rmse_m": 0.018486476596489384,
  "center_longitudinal_bias_m": -0.024758448128310892,
  "negative_curve_lateral_bias_m": 0.011393761030216831,
  "positive_curve_lateral_bias_m": -0.008168112328978785,
  "negative_curve_heading_bias_deg": -6.169391787509952,
  "positive_curve_heading_bias_deg": 2.367779787637808,
  "cmd_w_rms_rad_s": 0.12299464699026601,
  "cmd_w_peak_rad_s": 0.2833103139052444,
  "cmd_w_saturation_fraction": 0.0,
  "cmd_w_delta_std_rad_s": 0.0031154746330706966,
  "cmd_w_slew_rms_rad_s2": 0.07793599142815642,
  "transient_path_rmse_m": 0.007451240517646256,
  "transient_path_max_m": 0.012762025691889192,
  "transient_heading_rmse_deg": 26.343801873898354,
  "transient_cmd_w_peak_rad_s": 0.4089047132873448
}
