{
  "input": "/home/hoang/Paper1/paper_logs/gain_tuning/20260718_144642_eight_BSMC_fusion_eight_amp1_align4_k2_550_v2.csv",
  "active_duration_s": 92.40069198608398,
  "pre_motion_duration_s": 6.399866819381714,
  "pre_motion_cmd_w_peak_rad_s": 0.35,
  "n_samples": 2311,
  "position_rmse_m": 0.07006391272529719,
  "position_max_m": 0.098469446504488,
  "path_rmse_m": 0.05286123884264205,
  "path_max_m": 0.09124049349850095,
  "lateral_rmse_m": 0.05504386075644714,
  "lateral_bias_m": 0.013676616197938883,
  "lateral_bias_rms_m": 0.05486947951606523,
  "waviness_rmse_m": 0.0008431280237313684,
  "waviness_peak_to_peak_m": 0.007374882232379459,
  "heading_rmse_deg": 4.934728614716571,
  "heading_bias_deg": -1.1468953925759886,
  "cmd_w_rms_rad_s": 0.13084050673724493,
  "cmd_w_peak_rad_s": 0.2976921950236199,
  "cmd_w_saturation_fraction": 0.0,
  "cmd_w_delta_std_rad_s": 0.001809506067383365,
  "cmd_w_slew_rms_rad_s2": 0.04526113825509334,
  "transient_path_rmse_m": 0.04550049850520769,
  "transient_path_max_m": 0.05935851666295295,
  "transient_heading_rmse_deg": 1.715312962581096,
  "transient_cmd_w_peak_rad_s": 0.03062349672774679
}
