{
  "input": "/home/hoang/Paper1/paper_logs/gain_tuning/20260718_174351_eight_BSMC_fusion_eight_bsmc_fusion_20260718_174351.csv",
  "active_duration_s": 101.67967581748962,
  "pre_motion_duration_s": 3.239872932434082,
  "pre_motion_cmd_w_peak_rad_s": 0.3281697531915534,
  "n_samples": 2543,
  "position_rmse_m": 0.04076719926400707,
  "position_max_m": 0.06900104962790743,
  "path_rmse_m": 0.020506683641042103,
  "path_max_m": 0.036524559485233865,
  "lateral_rmse_m": 0.020824996517097016,
  "lateral_bias_m": 0.0056759745064794845,
  "lateral_bias_rms_m": 0.020606110683982895,
  "waviness_rmse_m": 0.0009622024965733545,
  "waviness_peak_to_peak_m": 0.008804725667472157,
  "heading_rmse_deg": 5.725572489722986,
  "heading_bias_deg": -1.7365785331259758,
  "lobe_symmetry_rmse_m": 0.05060677962836536,
  "near_center_symmetry_rmse_m": 0.08153180957130371,
  "negative_curve_lateral_bias_m": 0.015559133272909914,
  "positive_curve_lateral_bias_m": -0.007238821243695026,
  "negative_curve_heading_bias_deg": -6.1834528610794175,
  "positive_curve_heading_bias_deg": 2.073796920304569,
  "cmd_w_rms_rad_s": 0.12166171389256196,
  "cmd_w_peak_rad_s": 0.2786453127579927,
  "cmd_w_saturation_fraction": 0.0,
  "cmd_w_delta_std_rad_s": 0.0029355478577620902,
  "cmd_w_slew_rms_rad_s2": 0.07340524399152024,
  "transient_path_rmse_m": 0.06358197432929505,
  "transient_path_max_m": 0.09808713815069788,
  "transient_heading_rmse_deg": 38.56709422880626,
  "transient_cmd_w_peak_rad_s": 0.4614715406780615
}
