{
  "input": "/home/hoang/Paper1/paper_logs/gain_tuning/20260718_141114_eight_BSMC_fusion_eight_bsmc_fusion_20260718_141114.csv",
  "active_duration_s": 90.68035340309143,
  "n_samples": 2268,
  "position_rmse_m": 0.06788043381288955,
  "position_max_m": 0.10772812253211363,
  "path_rmse_m": 0.03848333663011154,
  "path_max_m": 0.0747088342245634,
  "lateral_rmse_m": 0.041378062140321976,
  "lateral_bias_m": -0.004598001624672152,
  "lateral_bias_rms_m": 0.0406161550540492,
  "waviness_rmse_m": 0.0017310055694652578,
  "waviness_peak_to_peak_m": 0.010535210298405678,
  "heading_rmse_deg": 8.423044808890596,
  "heading_bias_deg": -2.0806744663924515,
  "cmd_w_rms_rad_s": 0.2942006542468806,
  "cmd_w_peak_rad_s": 0.593883384575114,
  "cmd_w_saturation_fraction": 0.0,
  "cmd_w_delta_std_rad_s": 0.004802669699305229,
  "cmd_w_slew_rms_rad_s2": 0.12025296254423233,
  "transient_path_rmse_m": 0.027897477837386796,
  "transient_path_max_m": 0.05779355080490158,
  "transient_heading_rmse_deg": 27.926895158828383,
  "transient_cmd_w_peak_rad_s": 0.27090970061844427
}
