{
  "input": "/home/hoang/Paper1/paper_logs/gain_tuning/20260718_150720_eight_BSMC_fusion_eight_amp1_wff108.csv",
  "active_duration_s": 92.48015356063843,
  "pre_motion_duration_s": 6.3199591636657715,
  "pre_motion_cmd_w_peak_rad_s": 0.35,
  "n_samples": 2313,
  "position_rmse_m": 0.07621551468686605,
  "position_max_m": 0.10566859993981373,
  "path_rmse_m": 0.058232199097268456,
  "path_max_m": 0.09611980363833267,
  "lateral_rmse_m": 0.06091111170714542,
  "lateral_bias_m": 0.013282735375641508,
  "lateral_bias_rms_m": 0.060749424754386064,
  "waviness_rmse_m": 0.0008416840901870922,
  "waviness_peak_to_peak_m": 0.006992388930541547,
  "heading_rmse_deg": 5.00023210180992,
  "heading_bias_deg": -1.0709268079318568,
  "negative_curve_lateral_bias_m": 0.0551509819343764,
  "positive_curve_lateral_bias_m": -0.030205562091468244,
  "negative_curve_heading_bias_deg": -1.3464935944041854,
  "positive_curve_heading_bias_deg": -0.809314605410568,
  "cmd_w_rms_rad_s": 0.13370111375662524,
  "cmd_w_peak_rad_s": 0.31312253483615554,
  "cmd_w_saturation_fraction": 0.0,
  "cmd_w_delta_std_rad_s": 0.0020591686398090544,
  "cmd_w_slew_rms_rad_s2": 0.051492214113531415,
  "transient_path_rmse_m": 0.04817611726608333,
  "transient_path_max_m": 0.06067370228853488,
  "transient_heading_rmse_deg": 3.4243065655222846,
  "transient_cmd_w_peak_rad_s": 0.03086908105213915
}
