{
  "input": "/home/hoang/Paper1/paper_logs/gain_tuning/20260718_152543_eight_BSMC_fusion_eight_amp1_best_valid_align.csv",
  "active_duration_s": 98.39923477172852,
  "pre_motion_duration_s": 6.360491752624512,
  "pre_motion_cmd_w_peak_rad_s": 0.35,
  "n_samples": 2461,
  "position_rmse_m": 0.0462960851384406,
  "position_max_m": 0.06929717412799977,
  "path_rmse_m": 0.028311471718769812,
  "path_max_m": 0.05351043352616049,
  "lateral_rmse_m": 0.02886534974416685,
  "lateral_bias_m": 0.00855332890708961,
  "lateral_bias_rms_m": 0.02864488965715921,
  "waviness_rmse_m": 0.0008822196332204906,
  "waviness_peak_to_peak_m": 0.007775234474260421,
  "heading_rmse_deg": 5.52224242245176,
  "heading_bias_deg": -1.4126389906705301,
  "negative_curve_lateral_bias_m": 0.017569240715633136,
  "positive_curve_lateral_bias_m": -0.004130570555777171,
  "negative_curve_heading_bias_deg": -4.5536458213116155,
  "positive_curve_heading_bias_deg": 1.9000433889224428,
  "cmd_w_rms_rad_s": 0.12554886714369015,
  "cmd_w_peak_rad_s": 0.2737125553444666,
  "cmd_w_saturation_fraction": 0.0,
  "cmd_w_delta_std_rad_s": 0.001963789353673116,
  "cmd_w_slew_rms_rad_s2": 0.04912882945448638,
  "transient_path_rmse_m": 0.04805590323370717,
  "transient_path_max_m": 0.059511596888701425,
  "transient_heading_rmse_deg": 2.365938684981585,
  "transient_cmd_w_peak_rad_s": 0.038550737906613494
}
