{
  "input": "/home/hoang/Paper1/paper_logs/gain_tuning/20260718_190228_eight_BSMC_fusion_eight_vcmd_scale_090.csv",
  "active_duration_s": 101.56046795845032,
  "pre_motion_duration_s": 3.240204334259033,
  "pre_motion_cmd_w_peak_rad_s": 0.32802381794884594,
  "n_samples": 2540,
  "position_rmse_m": 0.038408761677019,
  "position_max_m": 0.057993648033336447,
  "path_rmse_m": 0.03262988965377817,
  "path_max_m": 0.04806238701705539,
  "lateral_rmse_m": 0.03328857899079354,
  "lateral_bias_m": 0.0019366370229589476,
  "lateral_bias_rms_m": 0.03313388734868951,
  "waviness_rmse_m": 0.0009560447247212469,
  "waviness_peak_to_peak_m": 0.007923375359732093,
  "heading_rmse_deg": 6.361401497786415,
  "heading_bias_deg": -1.7601670872257238,
  "lobe_symmetry_rmse_m": 0.026463723547545084,
  "near_center_symmetry_rmse_m": 0.032287950479874435,
  "center_position_rmse_m": 0.034643842051056924,
  "center_path_rmse_m": 0.02976719487882803,
  "center_longitudinal_bias_m": -0.009504594737702385,
  "negative_curve_lateral_bias_m": 0.024621724053910225,
  "positive_curve_lateral_bias_m": -0.024729823265499242,
  "negative_curve_heading_bias_deg": -6.607297849311429,
  "positive_curve_heading_bias_deg": 3.010359956405617,
  "cmd_w_rms_rad_s": 0.12392518566366896,
  "cmd_w_peak_rad_s": 0.30214507486932346,
  "cmd_w_saturation_fraction": 0.0,
  "cmd_w_delta_std_rad_s": 0.003169102711760911,
  "cmd_w_slew_rms_rad_s2": 0.0792562930742742,
  "transient_path_rmse_m": 0.012999578684913953,
  "transient_path_max_m": 0.01721058920147447,
  "transient_heading_rmse_deg": 25.108014499494256,
  "transient_cmd_w_peak_rad_s": 0.4365867975754891
}
