{
  "input": "/home/hoang/Paper1/paper_logs/gain_tuning/20260718_171354_eight_BSMC_fusion_eight_bsmc_fusion_20260718_171354.csv",
  "active_duration_s": 101.56090831756592,
  "pre_motion_duration_s": 3.2393245697021484,
  "pre_motion_cmd_w_peak_rad_s": 0.0990564396238253,
  "n_samples": 2540,
  "position_rmse_m": 0.04026257042795137,
  "position_max_m": 0.06678422912922752,
  "path_rmse_m": 0.020520667329289404,
  "path_max_m": 0.03589488919027656,
  "lateral_rmse_m": 0.020792537153499303,
  "lateral_bias_m": 0.003967003094478263,
  "lateral_bias_rms_m": 0.020461054155017613,
  "waviness_rmse_m": 0.0011189031354363204,
  "waviness_peak_to_peak_m": 0.008054458835632114,
  "heading_rmse_deg": 6.320127336834197,
  "heading_bias_deg": -1.9473114055377656,
  "lobe_symmetry_rmse_m": 0.03882025268090699,
  "near_center_symmetry_rmse_m": 0.055818073325139626,
  "negative_curve_lateral_bias_m": 0.012723612581873893,
  "positive_curve_lateral_bias_m": -0.007984636891319346,
  "negative_curve_heading_bias_deg": -6.176718491630951,
  "positive_curve_heading_bias_deg": 2.154287712195186,
  "cmd_w_rms_rad_s": 0.1266799599039178,
  "cmd_w_peak_rad_s": 0.2974498964939999,
  "cmd_w_saturation_fraction": 0.0,
  "cmd_w_delta_std_rad_s": 0.00297067786895286,
  "cmd_w_slew_rms_rad_s2": 0.07430539836196491,
  "transient_path_rmse_m": 0.020249220322649326,
  "transient_path_max_m": 0.02939278280045796,
  "transient_heading_rmse_deg": 31.026785965846287,
  "transient_cmd_w_peak_rad_s": 0.20666345805409164
}
