{
  "input": "/home/hoang/Paper1/paper_logs/gain_tuning/20260718_164916_eight_BSMC_fusion_eight_bsmc_fusion_20260718_164916.csv",
  "active_duration_s": 102.60002970695496,
  "pre_motion_duration_s": 2.23958158493042,
  "pre_motion_cmd_w_peak_rad_s": 0.0031191655221173005,
  "n_samples": 2566,
  "position_rmse_m": 0.04112883694061333,
  "position_max_m": 0.06496505537890991,
  "path_rmse_m": 0.022818938321724228,
  "path_max_m": 0.03942492629660185,
  "lateral_rmse_m": 0.02298416407538497,
  "lateral_bias_m": 0.004641900462563136,
  "lateral_bias_rms_m": 0.022689684181411842,
  "waviness_rmse_m": 0.0011077993767908685,
  "waviness_peak_to_peak_m": 0.011150350038466147,
  "heading_rmse_deg": 6.796018767166844,
  "heading_bias_deg": -2.6296785601361523,
  "negative_curve_lateral_bias_m": 0.011625934072798938,
  "positive_curve_lateral_bias_m": -0.005862004908811665,
  "negative_curve_heading_bias_deg": -6.959515472645209,
  "positive_curve_heading_bias_deg": 2.129839114146487,
  "cmd_w_rms_rad_s": 0.12732364611282018,
  "cmd_w_peak_rad_s": 0.2668383820501923,
  "cmd_w_saturation_fraction": 0.0,
  "cmd_w_delta_std_rad_s": 0.00208396089906283,
  "cmd_w_slew_rms_rad_s2": 0.052100422079452535,
  "transient_path_rmse_m": 0.074583599984046,
  "transient_path_max_m": 0.10713418040513979,
  "transient_heading_rmse_deg": 33.83837441898177,
  "transient_cmd_w_peak_rad_s": 0.582267156623296
}
