{
  "input": "/home/hoang/Paper1/paper_logs/gain_tuning/20260718_154049_eight_BSMC_fusion_eight_bsmc_fusion_20260718_154049.csv",
  "active_duration_s": 97.99938178062439,
  "pre_motion_duration_s": 6.840182542800903,
  "pre_motion_cmd_w_peak_rad_s": 0.35,
  "n_samples": 2451,
  "position_rmse_m": 0.04666366241602293,
  "position_max_m": 0.06911554641523202,
  "path_rmse_m": 0.030145271946291834,
  "path_max_m": 0.054903181496731235,
  "lateral_rmse_m": 0.030650085222754246,
  "lateral_bias_m": 0.008471112721771295,
  "lateral_bias_rms_m": 0.030419111880410854,
  "waviness_rmse_m": 0.0008589399257390381,
  "waviness_peak_to_peak_m": 0.0076054987958940525,
  "heading_rmse_deg": 5.706762698467118,
  "heading_bias_deg": -1.4534383970363762,
  "negative_curve_lateral_bias_m": 0.01792509157109665,
  "positive_curve_lateral_bias_m": -0.0044155410402753345,
  "negative_curve_heading_bias_deg": -4.824457173683574,
  "positive_curve_heading_bias_deg": 2.091561852275128,
  "cmd_w_rms_rad_s": 0.1254003033073952,
  "cmd_w_peak_rad_s": 0.2838624624406135,
  "cmd_w_saturation_fraction": 0.0,
  "cmd_w_delta_std_rad_s": 0.0019483673367421848,
  "cmd_w_slew_rms_rad_s2": 0.04870769938703657,
  "transient_path_rmse_m": 0.045666290429746924,
  "transient_path_max_m": 0.05837783307580279,
  "transient_heading_rmse_deg": 2.410107941763848,
  "transient_cmd_w_peak_rad_s": 0.04683901655652455
}
