{
  "input": "/home/hoang/Paper1/paper_logs/optuna_tuning/square/20260717_135426_square_BSMC_fusion_optuna_t001_r01.csv",
  "n_complete_edges": 8,
  "straight_lateral_bias_m": 0.016944834228137667,
  "straight_waviness_rms_m": 0.015090599915208657,
  "straight_lateral_peak_to_peak_max_m": 0.08689014234633838,
  "straight_heading_rmse_deg": 7.703578823816538,
  "straight_cmd_w_rms_rad_s": 0.1501221700219852,
  "overall_position_rmse_m": 0.042817947348163105,
  "overall_heading_rmse_deg": 18.967019868854546
}
