{
  "input": "/home/hoang/Paper1/paper_logs/square_continuous_sharp/20260717_164303_square_BSMC_fusion_square_continuous_sharp_v3_corner_boost.csv",
  "n_complete_edges": 4,
  "straight_lateral_bias_m": 0.024230372481399243,
  "straight_lateral_rmse_m": 0.028860865762792797,
  "straight_lateral_max_abs_m": 0.05619751576771497,
  "straight_waviness_rms_m": 0.011363294338561045,
  "straight_lateral_peak_to_peak_max_m": 0.050475737258279495,
  "straight_heading_rmse_deg": 2.0502509154479425,
  "straight_cmd_w_rms_rad_s": 0.02738168233321704,
  "overall_position_rmse_m": 0.0299919793932134,
  "overall_heading_rmse_deg": 20.567034180496087
}
