{
  "input": "/home/hoang/Paper1/paper_logs/square_continuous_sharp/20260717_163737_square_BSMC_fusion_square_continuous_sharp_v2_balanced.csv",
  "n_complete_edges": 4,
  "straight_lateral_bias_m": 0.04619344152683787,
  "straight_lateral_rmse_m": 0.047793524363676704,
  "straight_lateral_max_abs_m": 0.06626995448765927,
  "straight_waviness_rms_m": 0.009639021820631467,
  "straight_lateral_peak_to_peak_max_m": 0.050999581160520516,
  "straight_heading_rmse_deg": 2.053075528824885,
  "straight_cmd_w_rms_rad_s": 0.019160309311444478,
  "overall_position_rmse_m": 0.04515704716870824,
  "overall_heading_rmse_deg": 26.079614383985337
}
