{
  "controller": "BSMC",
  "trajectory": "eight",
  "run_id": "eight_bsmc_undistorted_r01",
  "csv": "/home/hoang/Paper1/paper_runs/20260719_161813_eight_BSMC_eight_bsmc_undistorted_r01.csv",
  "n_total": 2720,
  "n_metric": 2327,
  "valid": true,
  "camera_max_age_s": 0.3,
  "parameters": {
    "k1": 0.2205844943,
    "k2": 6.5,
    "k3": 7.0,
    "ks1": 0.03683289,
    "ks2": 0.1159106176,
    "phi1": 1.0,
    "phi2": 1.5,
    "angular_speed_rad_s": 0.07,
    "amplitude_m": 1.0,
    "max_v_m_s": 0.18,
    "max_w_rad_s": 0.85,
    "center_k1": 1.5,
    "center_k1_radius_m": 0.5,
    "center_k2": 18.0,
    "center_k2_radius_m": 0.65,
    "center_k3": 3.5,
    "center_k3_radius_m": 0.65
  },
  "camera_rmse_ex_m": 0.025764231470619296,
  "camera_rmse_ey_m": 0.019643708926342828,
  "camera_rmse_heading_deg": 5.8878685137043885,
  "camera_rmse_position_m": 0.03239862533587699,
  "crossing_lateral_rmse_left_to_right_m": 0.006347334286914822,
  "crossing_lateral_bias_left_to_right_m": 0.004497327744338728,
  "crossing_lateral_rmse_right_to_left_m": 0.015284579878967993,
  "crossing_lateral_bias_right_to_left_m": 0.014475753571311938
}