{
  "controller": "BSMC",
  "trajectory": "eight",
  "run_id": "eight_bsmc_center_k2_18_k3_35_r01",
  "csv": "/home/hoang/Paper1/paper_runs/20260719_153949_eight_BSMC_eight_bsmc_center_k2_18_k3_35_r01.csv",
  "n_total": 2520,
  "n_metric": 2307,
  "valid": true,
  "camera_max_age_s": 0.3,
  "parameters": {
    "k1": 0.2205844943,
    "k2": 6.5,
    "k3": 7.0,
    "ks1": 0.03683289,
    "ks2": 0.1159106176,
    "phi1": 1.0,
    "phi2": 1.5,
    "angular_speed_rad_s": 0.07,
    "amplitude_m": 1.0,
    "max_v_m_s": 0.18,
    "max_w_rad_s": 0.85,
    "center_k1": 1.5,
    "center_k1_radius_m": 0.5,
    "center_k2": 18.0,
    "center_k2_radius_m": 0.65,
    "center_k3": 3.5,
    "center_k3_radius_m": 0.65
  },
  "camera_rmse_ex_m": 0.027121394728276745,
  "camera_rmse_ey_m": 0.020526830634848937,
  "camera_rmse_heading_deg": 6.115871291356573,
  "camera_rmse_position_m": 0.03401353889142925,
  "crossing_lateral_rmse_left_to_right_m": 0.014329395311331533,
  "crossing_lateral_bias_left_to_right_m": -0.0016496672671638295,
  "crossing_lateral_rmse_right_to_left_m": 0.01609427135683786,
  "crossing_lateral_bias_right_to_left_m": 0.015864721607818173
}