{
  "controller": "BSMC",
  "trajectory": "eight",
  "run_id": "eight_bsmc_center_k2_r01",
  "csv": "/home/hoang/Paper1/paper_runs/20260719_151622_eight_BSMC_eight_bsmc_center_k2_r01.csv",
  "n_total": 2370,
  "n_metric": 2158,
  "valid": true,
  "camera_max_age_s": 0.3,
  "parameters": {
    "k1": 0.2205844943,
    "k2": 6.5,
    "k3": 7.0,
    "ks1": 0.03683289,
    "ks2": 0.1159106176,
    "phi1": 1.0,
    "phi2": 1.5,
    "angular_speed_rad_s": 0.07,
    "amplitude_m": 1.0,
    "max_v_m_s": 0.18,
    "max_w_rad_s": 0.85,
    "center_k1": 1.5,
    "center_k1_radius_m": 0.5,
    "center_k2": 10.0,
    "center_k2_radius_m": 0.5
  },
  "camera_rmse_ex_m": 0.02720583677202953,
  "camera_rmse_ey_m": 0.02015478971657933,
  "camera_rmse_heading_deg": 6.075961991196161,
  "camera_rmse_position_m": 0.03385813200674021,
  "crossing_lateral_rmse_left_to_right_m": 0.030316259251073632,
  "crossing_lateral_bias_left_to_right_m": -0.030310768364088685,
  "crossing_lateral_rmse_right_to_left_m": 0.026405529265353812,
  "crossing_lateral_bias_right_to_left_m": 0.026169518784322308
}