{
  "input": "/home/hoang/Paper1/paper_logs/square_manual/20260717_145104_square_BSMC_fusion_manual_v6_critical.csv",
  "n_complete_edges": 4,
  "straight_lateral_bias_m": -0.030591382032294567,
  "straight_waviness_rms_m": 0.024534867821203097,
  "straight_lateral_peak_to_peak_max_m": 0.11798101145477688,
  "straight_heading_rmse_deg": 9.973996531689293,
  "straight_cmd_w_rms_rad_s": 0.20149482319604503,
  "overall_position_rmse_m": 0.06469548448427534,
  "overall_heading_rmse_deg": 10.655830685584977
}
