{
  "input": "/home/hoang/Paper1/paper_logs/square_manual/20260717_144259_square_BSMC_fusion_manual_v4_turn_ff.csv",
  "n_complete_edges": 4,
  "straight_lateral_bias_m": -0.03618379968294889,
  "straight_waviness_rms_m": 0.023655574666668452,
  "straight_lateral_peak_to_peak_max_m": 0.11196256601675442,
  "straight_heading_rmse_deg": 10.856494669104277,
  "straight_cmd_w_rms_rad_s": 0.2005544851623095,
  "overall_position_rmse_m": 0.05969397915540163,
  "overall_heading_rmse_deg": 10.603601452085844
}
