{
  "input": "/home/hoang/Paper1/paper_logs/square_manual/20260717_143816_square_BSMC_fusion_manual_v3_corner.csv",
  "n_complete_edges": 4,
  "straight_lateral_bias_m": -0.03309926388491747,
  "straight_waviness_rms_m": 0.0239725738360339,
  "straight_lateral_peak_to_peak_max_m": 0.0973668642248161,
  "straight_heading_rmse_deg": 9.676478754704272,
  "straight_cmd_w_rms_rad_s": 0.18197540977447973,
  "overall_position_rmse_m": 0.06656211002045388,
  "overall_heading_rmse_deg": 10.566905566568595
}
