{
  "input": "/home/hoang/Paper1/paper_logs/square_manual/20260717_144819_square_BSMC_fusion_manual_v5_slew.csv",
  "n_complete_edges": 4,
  "straight_lateral_bias_m": -0.045634523570647574,
  "straight_waviness_rms_m": 0.02919833036888042,
  "straight_lateral_peak_to_peak_max_m": 0.13881173236734182,
  "straight_heading_rmse_deg": 13.652278890694548,
  "straight_cmd_w_rms_rad_s": 0.2436825105931334,
  "overall_position_rmse_m": 0.07140926011228203,
  "overall_heading_rmse_deg": 12.92221448776667
}
