{
  "input": "/home/hoang/Paper1/paper_runs/20260719_181813_circle_BSMC_final_circle_bsmc_r01.csv",
  "active_duration_s": 60.000075817108154,
  "pre_motion_duration_s": 2.1595711708068848,
  "pre_motion_cmd_w_peak_rad_s": 0.00948197991133082,
  "n_samples": 1501,
  "reference_center_x_m": 0.05276428144638163,
  "reference_center_y_m": -0.004342732569307839,
  "reference_radius_m": 1.0,
  "position_rmse_m": 0.028291971972000285,
  "position_max_m": 0.03572093481935089,
  "path_rmse_m": 0.023535902670629834,
  "path_max_m": 0.02899566968823497,
  "radial_bias_m": -0.023342016829671935,
  "radial_waviness_rmse_m": 0.0002889782639647626,
  "radial_waviness_peak_to_peak_m": 0.0020966372921430963,
  "heading_rmse_deg": 1.672583410630992,
  "heading_bias_deg": 1.499196584913817,
  "cmd_w_rms_rad_s": 0.10311064690736355,
  "cmd_w_peak_rad_s": 0.1431730162598575,
  "cmd_w_delta_std_rad_s": 0.0013919288069296825,
  "cmd_w_slew_rms_rad_s2": 0.03490253793063387,
  "transient_position_rmse_m": 0.04138006126705808,
  "transient_position_max_m": 0.09685403918407215,
  "transient_heading_rmse_deg": 4.058390460405004,
  "transient_cmd_w_peak_rad_s": 0.23303957908382378
}
